security_id,vendor_id,vendor_code,source_feed_id,rating_type,exchange_code,rating_date_raw,rating_code,rating_date,vendor,rating_raw,standard_rating
AM93THG,40,DBRS,44,Long Term,HKG,09-Jan-24,BBB,2024-01-09,DBRS,BBB,BBB
AM93THG,40,DBRS,44,Long Term,LON,10-Feb-24,CCC-,2024-02-10,DBRS,CCC-,CCC-
AM93THG,40,DBRS,44,Long Term,BSE,01-Mar-24,B3,2024-03-01,DBRS,B3,B3
AM93THG,40,DBRS,44,Long Term,HKG,16-Apr-24,Baa1,2024-04-16,DBRS,Baa1,BAA1
AM93THG,40,DBRS,44,Long Term,LON,07-Jun-24,BB,2024-06-07,DBRS,BB,BB
AM93THG,40,DBRS,44,Long Term,NYC,14-Aug-24,C,2024-08-14,DBRS,C,C
AM93THG,40,DBRS,44,Long Term,SGX,15-Aug-24,A2,2024-08-15,DBRS,A2,A2
AM93THG,40,DBRS,44,Long Term,LON,03-Sep-24,BBB-,2024-09-03,DBRS,BBB-,BBB
AM93THG,40,DBRS,44,Long Term,HKG,06-Sep-24,B2,2024-09-06,DBRS,B2,B2
AM93THG,40,DBRS,44,Short Term,NYC,23-Jan-24,Ba3,2024-01-23,DBRS,Ba3,BA3
AM93THG,40,DBRS,44,Short Term,TYO,27-Feb-24,Ba2,2024-02-27,DBRS,Ba2,BA2
AM93THG,40,DBRS,44,Short Term,NYC,15-Mar-24,A1,2024-03-15,DBRS,A1,A1
AM93THG,40,DBRS,44,Short Term,HKG,09-Apr-24,B,2024-04-09,DBRS,B,B
AM93THG,40,DBRS,44,Short Term,TYO,07-May-24,BBB,2024-05-07,DBRS,BBB,BBB
AM93THG,40,DBRS,44,Short Term,HKG,25-May-24,BBB,2024-05-25,DBRS,BBB,BBB
AM93THG,40,DBRS,44,Short Term,BSE,11-Jun-24,Baa1,2024-06-11,DBRS,Baa1,BAA1
AM93THG,40,DBRS,44,Short Term,NYC,22-Jun-24,D,2024-06-22,DBRS,D,D
AM93THG,40,DBRS,44,Short Term,NYC,01-Jul-24,A-,2024-07-01,DBRS,A-,A
AM93THG,40,DBRS,44,Short Term,LON,05-Jul-24,A,2024-07-05,DBRS,A,A
AM93THG,40,DBRS,44,Short Term,BSE,09-Jul-24,Aa2,2024-07-09,DBRS,Aa2,AA2
AM93THG,40,DBRS,44,Short Term,HKG,26-Nov-24,Caa2,2024-11-26,DBRS,Caa2,CAA2
AM93THG,40,DBRS,44,Short Term,BSE,29-Nov-24,C,2024-11-29,DBRS,C,C
AM93THG,20,Fitch,12,Long Term,HKG,09-Jan-24,Aaa,2024-01-09,Fitch,Aaa,Aaa
AM93THG,20,Fitch,12,Long Term,TYO,25-Jan-24,A3,2024-01-25,Fitch,A3,A3
AM93THG,20,Fitch,12,Long Term,LON,03-Feb-24,BBB+,2024-02-03,Fitch,BBB+,BBB
AM93THG,20,Fitch,12,Long Term,NYC,08-Mar-24,AAA,2024-03-08,Fitch,AAA,AAA
AM93THG,20,Fitch,12,Long Term,LON,24-Mar-24,CCC,2024-03-24,Fitch,CCC,CCC
AM93THG,20,Fitch,12,Short Term,SGX,07-Mar-24,A+,2024-03-07,Fitch,A+,A
AM93THG,20,Fitch,12,Short Term,NYC,16-Mar-24,Caa3,2024-03-16,Fitch,Caa3,Caa3
AM93THG,20,Fitch,12,Short Term,HKG,27-Apr-24,Ba1,2024-04-27,Fitch,Ba1,Ba1
AM93THG,20,Fitch,12,Short Term,TYO,28-Apr-24,D,2024-04-28,Fitch,D,D
AM93THG,20,Fitch,12,Short Term,LON,08-Jun-24,B1,2024-06-08,Fitch,B1,B1
AM93THG,20,Fitch,12,Short Term,NYC,29-Jun-24,A2,2024-06-29,Fitch,A2,A2
AM93THG,20,Fitch,12,Short Term,SGX,10-Jul-24,BB-,2024-07-10,Fitch,BB-,BB
AM93THG,20,Fitch,12,Short Term,HKG,26-Jul-24,Ba2,2024-07-26,Fitch,Ba2,Ba2
AM93THG,20,Fitch,12,Short Term,NSE,03-Aug-24,AA-,2024-08-03,Fitch,AA-,AA
AM93THG,20,Fitch,12,Short Term,SGX,17-Aug-24,Aaa,2024-08-17,Fitch,Aaa,Aaa
AM93THG,20,Fitch,12,Short Term,BSE,27-Aug-24,Ba1,2024-08-27,Fitch,Ba1,Ba1
AM93THG,20,Fitch,12,Short Term,TYO,28-Sep-24,B2,2024-09-28,Fitch,B2,B2
AM93THG,20,Fitch,12,Short Term,HKG,05-Oct-24,Baa2,2024-10-05,Fitch,Baa2,Baa2
AM93THG,20,Fitch,12,Short Term,NSE,13-Oct-24,Aaa,2024-10-13,Fitch,Aaa,Aaa
AM93THG,20,Fitch,12,Short Term,TYO,07-Dec-24,Aa3,2024-12-07,Fitch,Aa3,Aa3
AM93THG,20,Fitch,12,Short Term,HKG,20-Dec-24,BB+,2024-12-20,Fitch,BB+,BB
AM93THG,10,Moodys,7,Long Term,NYC,10-Feb-24,A3,2024-02-10,Moody's,A3,A
AM93THG,10,Moodys,7,Long Term,NSE,04-Apr-24,B+,2024-04-04,Moody's,B+,B+
AM93THG,10,Moodys,7,Long Term,SGX,20-Apr-24,A-,2024-04-20,Moody's,A-,A-
AM93THG,10,Moodys,7,Long Term,BSE,25-Jun-24,AA+,2024-06-25,Moody's,AA+,AA+
AM93THG,10,Moodys,7,Long Term,HKG,01-Jul-24,B,2024-07-01,Moody's,B,B
AM93THG,10,Moodys,7,Long Term,NYC,02-Sep-24,A2,2024-09-02,Moody's,A2,A
AM93THG,10,Moodys,7,Long Term,SGX,26-Sep-24,AAA,2024-09-26,Moody's,AAA,AAA
AM93THG,10,Moodys,7,Long Term,LON,06-Oct-24,BB,2024-10-06,Moody's,BB,BB
AM93THG,10,Moodys,7,Short Term,BSE,06-Jan-24,Ca,2024-01-06,Moody's,Ca,CC
AM93THG,10,Moodys,7,Short Term,TYO,26-Jan-24,Ba2,2024-01-26,Moody's,Ba2,BB
AM93THG,10,Moodys,7,Short Term,BSE,10-Apr-24,D,2024-04-10,Moody's,D,D
AM93THG,10,Moodys,7,Short Term,TYO,21-Apr-24,C,2024-04-21,Moody's,C,C
AM93THG,10,Moodys,7,Short Term,SGX,19-May-24,Aa2,2024-05-19,Moody's,Aa2,AA
AM93THG,10,Moodys,7,Short Term,HKG,24-Jun-24,CCC,2024-06-24,Moody's,CCC,CCC
AM93THG,10,Moodys,7,Short Term,SGX,25-Jul-24,AAA,2024-07-25,Moody's,AAA,AAA
AM93THG,10,Moodys,7,Short Term,NYC,18-Aug-24,Caa2,2024-08-18,Moody's,Caa2,Caa2
AM93THG,10,Moodys,7,Short Term,LON,15-Sep-24,Ba3,2024-09-15,Moody's,Ba3,BB
AM93THG,10,Moodys,7,Short Term,BSE,26-Sep-24,Aa2,2024-09-26,Moody's,Aa2,AA
AM93THG,10,Moodys,7,Short Term,NYC,23-Oct-24,Ba3,2024-10-23,Moody's,Ba3,BB
AM93THG,10,Moodys,7,Short Term,NSE,31-Oct-24,CCC+,2024-10-31,Moody's,CCC+,CCC+
AM93THG,10,Moodys,7,Short Term,BSE,17-Nov-24,B+,2024-11-17,Moody's,B+,B+
AM93THG,30,S&P,90,Long Term,TYO,09-Feb-24,Aa1,2024-02-09,S&P,Aa1,Aa1
AM93THG,30,S&P,90,Long Term,LON,04-Jun-24,B+,2024-06-04,S&P,B+,B+
AM93THG,30,S&P,90,Long Term,HKG,23-Sep-24,Aaa,2024-09-23,S&P,Aaa,Aaa
AM93THG,30,S&P,90,Long Term,NSE,30-Dec-24,Aa1,2024-12-30,S&P,Aa1,Aa1
AM93THG,30,S&P,90,Short Term,NYC,06-Jun-24,B-,2024-06-06,S&P,B-,B-
AM93THG,30,S&P,90,Short Term,NSE,06-Aug-24,B-,2024-08-06,S&P,B-,B-
AM93THG,30,S&P,90,Short Term,BSE,09-Aug-24,Baa1,2024-08-09,S&P,Baa1,Baa1
AM93THG,30,S&P,90,Short Term,TYO,13-Oct-24,B1,2024-10-13,S&P,B1,B1
BNK120C,80,CARE,88,Corporate Rating,LSE,14-Dec-24,Ba1,2024-12-14,CARE,Ba1,BA1
BNK120C,80,CARE,88,Corporate Rating,LSE,25-Dec-24,Caa2,2024-12-25,CARE,Caa2,CAA2
BNK120C,80,CARE,88,Issuer Rating,TSX,01-Jun-24,CCC,2024-06-01,CARE,CCC,CCC
BNK120C,80,CARE,88,Issuer Rating,LSE,02-Jun-24,AA-,2024-06-02,CARE,AA-,AA
BNK120C,80,CARE,88,Issuer Rating,ASX,26-Nov-24,BBB+,2024-11-26,CARE,BBB+,BBB
BNK120C,80,CARE,88,Issuer Rating,ASX,26-Feb-25,Ba3,2025-02-26,CARE,Ba3,BA3
BNK120C,80,CARE,88,Long Term,JPX,01-Oct-24,B+,2024-10-01,CARE,B+,B+
BNK120C,80,CARE,88,Short Term,JPX,20-Jun-24,CCC+,2024-06-20,CARE,CCC+,CCC+
BNK120C,80,CARE,88,Short Term,BSE,28-Sep-24,Ba2,2024-09-28,CARE,Ba2,BA2
BNK120C,80,CARE,88,Short Term,ASX,29-Sep-24,CC,2024-09-29,CARE,CC,CC
BNK120C,80,CARE,88,Short Term,LSE,05-Jan-25,AA+,2025-01-05,CARE,AA+,AA
BNK120C,80,CARE,88,Short Term,NSE,01-Feb-25,B-,2025-02-01,CARE,B-,B-
BNK120C,80,CARE,88,Short Term,NSE,06-Mar-25,AA,2025-03-06,CARE,AA,AA
BNK120C,70,ICRA,77,Corporate Rating,NSE,05-Dec-24,Baa3,2024-12-05,ICRA,Baa3,BAA3
BNK120C,70,ICRA,77,Corporate Rating,JPX,24-Dec-24,Ba3,2024-12-24,ICRA,Ba3,BA3
BNK120C,70,ICRA,77,Issuer Rating,NSE,01-Jun-24,C,2024-06-01,ICRA,C,C
BNK120C,70,ICRA,77,Issuer Rating,LSE,30-Sep-24,Baa1,2024-09-30,ICRA,Baa1,BAA1
BNK120C,70,ICRA,77,Issuer Rating,TSX,22-Nov-24,Ca,2024-11-22,ICRA,Ca,CA
BNK120C,70,ICRA,77,Long Term,JPX,04-Aug-24,Caa3,2024-08-04,ICRA,Caa3,CAA3
BNK120C,70,ICRA,77,Long Term,BSE,30-Nov-24,A2+,2024-11-30,ICRA,A2+,A2+
BNK120C,70,ICRA,77,Long Term,NSE,07-Jan-25,CC,2025-01-07,ICRA,CC,CC
BNK120C,70,ICRA,77,Long Term,LSE,05-Feb-25,BBB-,2025-02-05,ICRA,BBB-,BBB
BNK120C,70,ICRA,77,Short Term,BSE,29-Aug-24,AA-,2024-08-29,ICRA,AA-,AA
BNK120C,70,ICRA,77,Short Term,EUX,01-Sep-24,A-,2024-09-01,ICRA,A-,A
BNK120C,70,ICRA,77,Short Term,LSE,07-Oct-24,Ba3,2024-10-07,ICRA,Ba3,BA3
BNK120C,70,ICRA,77,Short Term,TSX,09-Oct-24,BB-,2024-10-09,ICRA,BB-,BB-
BNK120C,70,ICRA,77,Short Term,TSX,24-Dec-24,BB+,2024-12-24,ICRA,BB+,BB+
BNK120C,70,ICRA,77,Short Term,TSX,09-Mar-25,Baa3,2025-03-09,ICRA,Baa3,BAA3
BNK120C,50,Kroll,55,Corporate Rating,LSE,07-Nov-24,Baa3,2024-11-07,Kroll,Baa3,BAA3
BNK120C,50,Kroll,55,Issuer Rating,EUX,10-Dec-24,B-,2024-12-10,Kroll,B-,B-
BNK120C,50,Kroll,55,Issuer Rating,JPX,10-Feb-25,A2+,2025-02-10,Kroll,A2+,A2+
BNK120C,50,Kroll,55,Issuer Rating,TSX,16-Mar-25,C,2025-03-16,Kroll,C,C
BNK120C,50,Kroll,55,Long Term,NSE,21-Aug-24,CCC,2024-08-21,Kroll,CCC,CCC
BNK120C,50,Kroll,55,Long Term,NSE,02-Sep-24,B,2024-09-02,Kroll,B,B
BNK120C,50,Kroll,55,Long Term,EUX,19-Dec-24,Caa3,2024-12-19,Kroll,Caa3,CAA3
BNK120C,50,Kroll,55,Long Term,JPX,08-Jan-25,BBB,2025-01-08,Kroll,BBB,BBB
BNK120C,50,Kroll,55,Long Term,ASX,30-Jan-25,BB-,2025-01-30,Kroll,BB-,BB-
BNK120C,50,Kroll,55,Long Term,EUX,31-Mar-25,A1+,2025-03-31,Kroll,A1+,A1+
BNK120C,50,Kroll,55,Long Term,TSX,09-Apr-25,CC,2025-04-09,Kroll,CC,CC
BNK120C,50,Kroll,55,Long Term,EUX,08-May-25,Caa1,2025-05-08,Kroll,Caa1,CAA1
BNK120C,50,Kroll,55,Short Term,BSE,22-Jul-24,A2,2024-07-22,Kroll,A2,A2
BNK120C,50,Kroll,55,Short Term,JPX,02-Aug-24,AA+,2024-08-02,Kroll,AA+,AA
BNK120C,50,Kroll,55,Short Term,ASX,19-Dec-24,BBB+,2024-12-19,Kroll,BBB+,BBB
BNK120C,50,Kroll,55,Short Term,LSE,21-Dec-24,BB-,2024-12-21,Kroll,BB-,BB-
BNK120C,50,Kroll,55,Short Term,JPX,19-Jan-25,BB+,2025-01-19,Kroll,BB+,BB+
BNK120C,60,Morningstar,66,Corporate Rating,ASX,14-Jun-24,A2,2024-06-14,Morningstar,A2,A2
BNK120C,60,Morningstar,66,Corporate Rating,JPX,27-Jan-25,A,2025-01-27,Morningstar,A,A
BNK120C,60,Morningstar,66,Issuer Rating,ASX,14-Aug-24,Caa2,2024-08-14,Morningstar,Caa2,CAA2
BNK120C,60,Morningstar,66,Issuer Rating,EUX,03-Oct-24,B,2024-10-03,Morningstar,B,B
BNK120C,60,Morningstar,66,Issuer Rating,EUX,17-Feb-25,D,2025-02-17,Morningstar,D,D
BNK120C,60,Morningstar,66,Long Term,NSE,08-Jul-24,CCC,2024-07-08,Morningstar,CCC,CCC
BNK120C,60,Morningstar,66,Long Term,ASX,21-May-25,A-,2025-05-21,Morningstar,A-,A
BNK120C,60,Morningstar,66,Short Term,TSX,17-Aug-24,A2,2024-08-17,Morningstar,A2,A2
BNK120C,60,Morningstar,66,Short Term,NSE,19-Nov-24,B-,2024-11-19,Morningstar,B-,B-
BRX45LP,40,DBRS,44,Long Term,NYC,25-Mar-24,BB,2024-03-25,DBRS,BB,BB
BRX45LP,40,DBRS,44,Long Term,LON,30-May-24,BB+,2024-05-30,DBRS,BB+,BB+
BRX45LP,40,DBRS,44,Long Term,LON,07-Jul-24,AA,2024-07-07,DBRS,AA,AA
BRX45LP,40,DBRS,44,Long Term,NYC,17-Jul-24,Ba3,2024-07-17,DBRS,Ba3,BA3
BRX45LP,40,DBRS,44,Long Term,BSE,01-Aug-24,B2,2024-08-01,DBRS,B2,B2
BRX45LP,40,DBRS,44,Long Term,NSE,25-Aug-24,BBB-,2024-08-25,DBRS,BBB-,BBB
BRX45LP,40,DBRS,44,Long Term,NYC,14-Sep-24,B3,2024-09-14,DBRS,B3,B3
BRX45LP,40,DBRS,44,Long Term,NYC,01-Oct-24,Baa3,2024-10-01,DBRS,Baa3,BAA3
BRX45LP,40,DBRS,44,Long Term,HKG,31-Oct-24,BB,2024-10-31,DBRS,BB,BB
BRX45LP,40,DBRS,44,Short Term,BSE,26-Feb-24,CC,2024-02-26,DBRS,CC,CC
BRX45LP,40,DBRS,44,Short Term,NSE,27-Feb-24,B3,2024-02-27,DBRS,B3,B3
BRX45LP,40,DBRS,44,Short Term,NSE,14-May-24,A,2024-05-14,DBRS,A,A
BRX45LP,40,DBRS,44,Short Term,SGX,17-May-24,A,2024-05-17,DBRS,A,A
BRX45LP,40,DBRS,44,Short Term,NSE,22-Jun-24,B2,2024-06-22,DBRS,B2,B2
BRX45LP,40,DBRS,44,Short Term,NSE,26-Sep-24,AAA,2024-09-26,DBRS,AAA,AAA
BRX45LP,40,DBRS,44,Short Term,HKG,30-Oct-24,Ba1,2024-10-30,DBRS,Ba1,BA1
BRX45LP,40,DBRS,44,Short Term,HKG,09-Nov-24,B2,2024-11-09,DBRS,B2,B2
BRX45LP,40,DBRS,44,Short Term,NYC,09-Dec-24,C,2024-12-09,DBRS,C,C
BRX45LP,20,Fitch,12,Long Term,NYC,04-Jan-24,A,2024-01-04,Fitch,A,A
BRX45LP,20,Fitch,12,Long Term,BSE,02-Mar-24,B+,2024-03-02,Fitch,B+,B+
BRX45LP,20,Fitch,12,Long Term,BSE,22-Mar-24,C,2024-03-22,Fitch,C,C
BRX45LP,20,Fitch,12,Long Term,LON,01-Jun-24,Ba2,2024-06-01,Fitch,Ba2,Ba2
BRX45LP,20,Fitch,12,Long Term,TYO,18-Sep-24,BBB+,2024-09-18,Fitch,BBB+,BBB
BRX45LP,20,Fitch,12,Long Term,SGX,19-Oct-24,B3,2024-10-19,Fitch,B3,B3
BRX45LP,20,Fitch,12,Long Term,LON,22-Oct-24,Ba2,2024-10-22,Fitch,Ba2,Ba2
BRX45LP,20,Fitch,12,Long Term,TYO,07-Nov-24,Baa3,2024-11-07,Fitch,Baa3,Baa3
BRX45LP,20,Fitch,12,Long Term,SGX,20-Dec-24,Baa3,2024-12-20,Fitch,Baa3,Baa3
BRX45LP,20,Fitch,12,Short Term,NSE,01-Jan-24,BBB+,2024-01-01,Fitch,BBB+,BBB
BRX45LP,20,Fitch,12,Short Term,NYC,06-Apr-24,B+,2024-04-06,Fitch,B+,B+
BRX45LP,20,Fitch,12,Short Term,HKG,18-May-24,A-,2024-05-18,Fitch,A-,A
BRX45LP,20,Fitch,12,Short Term,SGX,18-May-24,Aaa,2024-05-18,Fitch,Aaa,Aaa
BRX45LP,20,Fitch,12,Short Term,LON,09-Jul-24,B1,2024-07-09,Fitch,B1,B1
BRX45LP,20,Fitch,12,Short Term,HKG,25-Jul-24,A,2024-07-25,Fitch,A,A
BRX45LP,20,Fitch,12,Short Term,NSE,15-Aug-24,A1,2024-08-15,Fitch,A1,A1
BRX45LP,20,Fitch,12,Short Term,LON,09-Sep-24,BBB+,2024-09-09,Fitch,BBB+,BBB
BRX45LP,10,Moodys,7,Long Term,LON,21-Mar-24,Caa2,2024-03-21,Moody's,Caa2,Caa2
BRX45LP,10,Moodys,7,Long Term,LON,24-Apr-24,Ca,2024-04-24,Moody's,Ca,CC
BRX45LP,10,Moodys,7,Long Term,NSE,08-May-24,Caa2,2024-05-08,Moody's,Caa2,Caa2
BRX45LP,10,Moodys,7,Long Term,TYO,26-Sep-24,BB,2024-09-26,Moody's,BB,BB
BRX45LP,10,Moodys,7,Long Term,NYC,06-Oct-24,D,2024-10-06,Moody's,D,D
BRX45LP,10,Moodys,7,Long Term,HKG,02-Nov-24,A2,2024-11-02,Moody's,A2,A
BRX45LP,10,Moodys,7,Long Term,NSE,22-Dec-24,A,2024-12-22,Moody's,A,A
BRX45LP,10,Moodys,7,Short Term,BSE,23-Jan-24,B,2024-01-23,Moody's,B,B
BRX45LP,10,Moodys,7,Short Term,SGX,23-Feb-24,AA,2024-02-23,Moody's,AA,AA
BRX45LP,10,Moodys,7,Short Term,HKG,31-Mar-24,A+,2024-03-31,Moody's,A+,A+
BRX45LP,10,Moodys,7,Short Term,TYO,01-May-24,B1,2024-05-01,Moody's,B1,B
BRX45LP,10,Moodys,7,Short Term,NYC,13-May-24,C,2024-05-13,Moody's,C,C
BRX45LP,10,Moodys,7,Short Term,NYC,11-Aug-24,A1,2024-08-11,Moody's,A1,A
BRX45LP,10,Moodys,7,Short Term,TYO,20-Oct-24,BBB-,2024-10-20,Moody's,BBB-,BBB-
BRX45LP,10,Moodys,7,Short Term,TYO,18-Nov-24,B2,2024-11-18,Moody's,B2,B
BRX45LP,30,S&P,90,Long Term,TYO,17-Feb-24,Baa3,2024-02-17,S&P,Baa3,Baa3
BRX45LP,30,S&P,90,Long Term,HKG,15-Mar-24,CCC-,2024-03-15,S&P,CCC-,CCC-
BRX45LP,30,S&P,90,Long Term,NSE,23-Mar-24,A3,2024-03-23,S&P,A3,A3
BRX45LP,30,S&P,90,Long Term,NYC,03-Apr-24,A+,2024-04-03,S&P,A+,A
BRX45LP,30,S&P,90,Long Term,LON,22-Jul-24,Ba3,2024-07-22,S&P,Ba3,Ba3
BRX45LP,30,S&P,90,Long Term,NSE,25-Jul-24,Caa3,2024-07-25,S&P,Caa3,Caa3
BRX45LP,30,S&P,90,Long Term,NSE,01-Sep-24,Baa2,2024-09-01,S&P,Baa2,Baa2
BRX45LP,30,S&P,90,Long Term,SGX,01-Nov-24,Aaa,2024-11-01,S&P,Aaa,Aaa
BRX45LP,30,S&P,90,Long Term,LON,17-Nov-24,AA-,2024-11-17,S&P,AA-,AA
BRX45LP,30,S&P,90,Short Term,BSE,03-Feb-24,CCC-,2024-02-03,S&P,CCC-,CCC-
BRX45LP,30,S&P,90,Short Term,BSE,17-Feb-24,CCC+,2024-02-17,S&P,CCC+,CCC+
BRX45LP,30,S&P,90,Short Term,NYC,16-Apr-24,Ca,2024-04-16,S&P,Ca,Ca
BRX45LP,30,S&P,90,Short Term,HKG,18-Apr-24,Caa1,2024-04-18,S&P,Caa1,Caa1
BRX45LP,30,S&P,90,Short Term,LON,07-Aug-24,BB-,2024-08-07,S&P,BB-,BB-
BRX45LP,30,S&P,90,Short Term,BSE,07-Aug-24,AA,2024-08-07,S&P,AA,AA
BRX45LP,30,S&P,90,Short Term,LON,18-Sep-24,CCC+,2024-09-18,S&P,CCC+,CCC+
BRX45LP,30,S&P,90,Short Term,SGX,31-Oct-24,BBB-,2024-10-31,S&P,BBB-,BBB
BRX45LP,30,S&P,90,Short Term,NSE,04-Dec-24,B,2024-12-04,S&P,B,B
DFR890P,80,CARE,88,Corporate Rating,BSE,22-Nov-24,Caa3,2024-11-22,CARE,Caa3,CAA3
DFR890P,80,CARE,88,Corporate Rating,TSX,19-Dec-24,BBB-,2024-12-19,CARE,BBB-,BBB
DFR890P,80,CARE,88,Corporate Rating,ASX,21-Dec-24,CCC-,2024-12-21,CARE,CCC-,CCC-
DFR890P,80,CARE,88,Corporate Rating,NSE,23-Feb-25,A1+,2025-02-23,CARE,A1+,A1+
DFR890P,80,CARE,88,Corporate Rating,ASX,20-Mar-25,Ba1,2025-03-20,CARE,Ba1,BA1
DFR890P,80,CARE,88,Issuer Rating,JPX,25-Jul-24,Ba1,2024-07-25,CARE,Ba1,BA1
DFR890P,80,CARE,88,Issuer Rating,NSE,22-Oct-24,D,2024-10-22,CARE,D,D
DFR890P,80,CARE,88,Issuer Rating,TSX,01-Nov-24,AA,2024-11-01,CARE,AA,AA
DFR890P,80,CARE,88,Issuer Rating,TSX,23-Dec-24,BBB-,2024-12-23,CARE,BBB-,BBB
DFR890P,80,CARE,88,Issuer Rating,LSE,26-Feb-25,Ca,2025-02-26,CARE,Ca,CA
DFR890P,80,CARE,88,Issuer Rating,BSE,17-May-25,Baa3,2025-05-17,CARE,Baa3,BAA3
DFR890P,80,CARE,88,Long Term,TSX,14-Aug-24,B,2024-08-14,CARE,B,B
DFR890P,80,CARE,88,Long Term,ASX,31-Aug-24,BB,2024-08-31,CARE,BB,BB
DFR890P,80,CARE,88,Long Term,LSE,05-Jan-25,A2+,2025-01-05,CARE,A2+,A2+
DFR890P,80,CARE,88,Long Term,EUX,21-Jan-25,B,2025-01-21,CARE,B,B
DFR890P,80,CARE,88,Short Term,BSE,29-Aug-24,B,2024-08-29,CARE,B,B
DFR890P,80,CARE,88,Short Term,TSX,23-Sep-24,BBB-,2024-09-23,CARE,BBB-,BBB
DFR890P,80,CARE,88,Short Term,NSE,04-Nov-24,Caa2,2024-11-04,CARE,Caa2,CAA2
DFR890P,80,CARE,88,Short Term,LSE,06-Feb-25,B-,2025-02-06,CARE,B-,B-
DFR890P,80,CARE,88,Short Term,NSE,01-Mar-25,A3,2025-03-01,CARE,A3,A3
DFR890P,80,CARE,88,Short Term,TSX,03-Apr-25,Caa3,2025-04-03,CARE,Caa3,CAA3
DFR890P,70,ICRA,77,Corporate Rating,JPX,19-Sep-24,Ba1,2024-09-19,ICRA,Ba1,BA1
DFR890P,70,ICRA,77,Corporate Rating,EUX,09-Oct-24,CC,2024-10-09,ICRA,CC,CC
DFR890P,70,ICRA,77,Corporate Rating,JPX,21-Mar-25,BBB-,2025-03-21,ICRA,BBB-,BBB
DFR890P,70,ICRA,77,Corporate Rating,NSE,04-Apr-25,Caa2,2025-04-04,ICRA,Caa2,CAA2
DFR890P,70,ICRA,77,Corporate Rating,JPX,24-May-25,AA+,2025-05-24,ICRA,AA+,AA
DFR890P,70,ICRA,77,Corporate Rating,ASX,01-Jun-25,B+,2025-06-01,ICRA,B+,B+
DFR890P,70,ICRA,77,Issuer Rating,TSX,05-Sep-24,Baa1,2024-09-05,ICRA,Baa1,BAA1
DFR890P,70,ICRA,77,Issuer Rating,TSX,28-Dec-24,Baa2,2024-12-28,ICRA,Baa2,BAA2
DFR890P,70,ICRA,77,Issuer Rating,BSE,11-Jan-25,CC,2025-01-11,ICRA,CC,CC
DFR890P,70,ICRA,77,Issuer Rating,EUX,08-Feb-25,Baa2,2025-02-08,ICRA,Baa2,BAA2
DFR890P,70,ICRA,77,Long Term,NSE,17-Jul-24,D,2024-07-17,ICRA,D,D
DFR890P,70,ICRA,77,Short Term,LSE,03-Jul-24,AA-,2024-07-03,ICRA,AA-,AA
DFR890P,70,ICRA,77,Short Term,JPX,03-Sep-24,A2+,2024-09-03,ICRA,A2+,A2+
DFR890P,70,ICRA,77,Short Term,NSE,13-Nov-24,CCC+,2024-11-13,ICRA,CCC+,CCC+
DFR890P,70,ICRA,77,Short Term,LSE,12-Mar-25,AA+,2025-03-12,ICRA,AA+,AA
DFR890P,70,ICRA,77,Short Term,BSE,13-May-25,A1,2025-05-13,ICRA,A1,A1
DFR890P,70,ICRA,77,Short Term,ASX,17-May-25,D,2025-05-17,ICRA,D,D
DFR890P,50,Kroll,55,Corporate Rating,LSE,10-Feb-25,D,2025-02-10,Kroll,D,D
DFR890P,50,Kroll,55,Corporate Rating,TSX,25-May-25,B+,2025-05-25,Kroll,B+,B+
DFR890P,50,Kroll,55,Issuer Rating,LSE,20-Jan-25,C,2025-01-20,Kroll,C,C
DFR890P,50,Kroll,55,Issuer Rating,BSE,19-May-25,C,2025-05-19,Kroll,C,C
DFR890P,50,Kroll,55,Issuer Rating,EUX,30-May-25,Ba2,2025-05-30,Kroll,Ba2,BA2
DFR890P,50,Kroll,55,Long Term,LSE,29-Jul-24,BBB+,2024-07-29,Kroll,BBB+,BBB
DFR890P,50,Kroll,55,Long Term,NSE,17-Oct-24,BBB,2024-10-17,Kroll,BBB,BBB
DFR890P,50,Kroll,55,Long Term,JPX,03-Dec-24,CCC,2024-12-03,Kroll,CCC,CCC
DFR890P,50,Kroll,55,Long Term,BSE,28-Apr-25,Ba3,2025-04-28,Kroll,Ba3,BA3
DFR890P,50,Kroll,55,Short Term,BSE,08-Jul-24,A,2024-07-08,Kroll,A,A
DFR890P,50,Kroll,55,Short Term,LSE,26-Jul-24,B,2024-07-26,Kroll,B,B
DFR890P,50,Kroll,55,Short Term,ASX,10-Sep-24,CCC-,2024-09-10,Kroll,CCC-,CCC-
DFR890P,50,Kroll,55,Short Term,BSE,11-Sep-24,Ba2,2024-09-11,Kroll,Ba2,BA2
DFR890P,50,Kroll,55,Short Term,TSX,05-Mar-25,A1+,2025-03-05,Kroll,A1+,A1+
DFR890P,60,Morningstar,66,Corporate Rating,NSE,13-Jul-24,A1,2024-07-13,Morningstar,A1,A1
DFR890P,60,Morningstar,66,Corporate Rating,LSE,15-Jul-24,A,2024-07-15,Morningstar,A,A
DFR890P,60,Morningstar,66,Corporate Rating,TSX,07-Aug-24,Ca,2024-08-07,Morningstar,Ca,CA
DFR890P,60,Morningstar,66,Corporate Rating,EUX,29-Aug-24,CC,2024-08-29,Morningstar,CC,CC
DFR890P,60,Morningstar,66,Corporate Rating,BSE,20-Nov-24,AAA,2024-11-20,Morningstar,AAA,AAA
DFR890P,60,Morningstar,66,Corporate Rating,TSX,21-Nov-24,B-,2024-11-21,Morningstar,B-,B-
DFR890P,60,Morningstar,66,Corporate Rating,LSE,28-Nov-24,BBB-,2024-11-28,Morningstar,BBB-,BBB
DFR890P,60,Morningstar,66,Corporate Rating,JPX,19-Feb-25,CCC-,2025-02-19,Morningstar,CCC-,CCC-
DFR890P,60,Morningstar,66,Corporate Rating,ASX,26-May-25,B-,2025-05-26,Morningstar,B-,B-
DFR890P,60,Morningstar,66,Issuer Rating,ASX,17-Jun-24,B+,2024-06-17,Morningstar,B+,B+
DFR890P,60,Morningstar,66,Issuer Rating,TSX,01-Mar-25,A2+,2025-03-01,Morningstar,A2+,A2+
DFR890P,60,Morningstar,66,Issuer Rating,BSE,18-May-25,CC,2025-05-18,Morningstar,CC,CC
DFR890P,60,Morningstar,66,Long Term,TSX,27-Sep-24,AA-,2024-09-27,Morningstar,AA-,AA
DFR890P,60,Morningstar,66,Long Term,EUX,02-Oct-24,CCC,2024-10-02,Morningstar,CCC,CCC
DFR890P,60,Morningstar,66,Long Term,NSE,04-May-25,A1,2025-05-04,Morningstar,A1,A1
DFR890P,60,Morningstar,66,Short Term,LSE,06-Jul-24,BB,2024-07-06,Morningstar,BB,BB
DFR890P,60,Morningstar,66,Short Term,ASX,13-Jan-25,Ca,2025-01-13,Morningstar,Ca,CA
FRD24GG,40,DBRS,44,Long Term,NYC,06-Jan-24,Aaa,2024-01-06,DBRS,Aaa,AAA
FRD24GG,40,DBRS,44,Long Term,NYC,26-Jan-24,A+,2024-01-26,DBRS,A+,A
FRD24GG,40,DBRS,44,Long Term,BSE,08-Feb-24,BBB+,2024-02-08,DBRS,BBB+,BBB
FRD24GG,40,DBRS,44,Long Term,TYO,26-Mar-24,BB+,2024-03-26,DBRS,BB+,BB+
FRD24GG,40,DBRS,44,Long Term,TYO,22-Jun-24,AA,2024-06-22,DBRS,AA,AA
FRD24GG,40,DBRS,44,Long Term,NSE,05-Jul-24,AAA,2024-07-05,DBRS,AAA,AAA
FRD24GG,40,DBRS,44,Long Term,BSE,18-Jul-24,CC,2024-07-18,DBRS,CC,CC
FRD24GG,40,DBRS,44,Long Term,TYO,10-Aug-24,Caa2,2024-08-10,DBRS,Caa2,CAA2
FRD24GG,40,DBRS,44,Long Term,SGX,23-Aug-24,A1,2024-08-23,DBRS,A1,A1
FRD24GG,40,DBRS,44,Long Term,BSE,21-Oct-24,Caa1,2024-10-21,DBRS,Caa1,CAA1
FRD24GG,40,DBRS,44,Short Term,NYC,04-Jun-24,Ca,2024-06-04,DBRS,Ca,CA
FRD24GG,40,DBRS,44,Short Term,BSE,08-Jun-24,Ca,2024-06-08,DBRS,Ca,CA
FRD24GG,40,DBRS,44,Short Term,TYO,26-Jun-24,A2,2024-06-26,DBRS,A2,A2
FRD24GG,40,DBRS,44,Short Term,SGX,06-Oct-24,Baa1,2024-10-06,DBRS,Baa1,BAA1
FRD24GG,20,Fitch,12,Long Term,NYC,05-Jul-24,Caa3,2024-07-05,Fitch,Caa3,Caa3
FRD24GG,20,Fitch,12,Long Term,TYO,27-Aug-24,B,2024-08-27,Fitch,B,B
FRD24GG,20,Fitch,12,Long Term,SGX,30-Nov-24,C,2024-11-30,Fitch,C,C
FRD24GG,20,Fitch,12,Long Term,NYC,17-Dec-24,B3,2024-12-17,Fitch,B3,B3
FRD24GG,20,Fitch,12,Short Term,SGX,08-Jan-24,D,2024-01-08,Fitch,D,D
FRD24GG,20,Fitch,12,Short Term,LON,02-Feb-24,Ba1,2024-02-02,Fitch,Ba1,Ba1
FRD24GG,20,Fitch,12,Short Term,NSE,30-Mar-24,Ba3,2024-03-30,Fitch,Ba3,Ba3
FRD24GG,20,Fitch,12,Short Term,HKG,06-Apr-24,Aa3,2024-04-06,Fitch,Aa3,Aa3
FRD24GG,20,Fitch,12,Short Term,NYC,15-Apr-24,CC,2024-04-15,Fitch,CC,CC
FRD24GG,20,Fitch,12,Short Term,BSE,21-Jun-24,Caa3,2024-06-21,Fitch,Caa3,Caa3
FRD24GG,20,Fitch,12,Short Term,TYO,02-Jul-24,B1,2024-07-02,Fitch,B1,B1
FRD24GG,20,Fitch,12,Short Term,LON,09-Jul-24,AAA,2024-07-09,Fitch,AAA,AAA
FRD24GG,20,Fitch,12,Short Term,SGX,23-Sep-24,BB+,2024-09-23,Fitch,BB+,BB
FRD24GG,20,Fitch,12,Short Term,BSE,06-Oct-24,BB,2024-10-06,Fitch,BB,BB
FRD24GG,20,Fitch,12,Short Term,SGX,02-Dec-24,Aa3,2024-12-02,Fitch,Aa3,Aa3
FRD24GG,10,Moodys,7,Long Term,NSE,19-Jan-24,Baa3,2024-01-19,Moody's,Baa3,BBB
FRD24GG,10,Moodys,7,Long Term,SGX,21-Mar-24,A,2024-03-21,Moody's,A,A
FRD24GG,10,Moodys,7,Long Term,SGX,21-Apr-24,B,2024-04-21,Moody's,B,B
FRD24GG,10,Moodys,7,Long Term,HKG,24-Apr-24,Baa3,2024-04-24,Moody's,Baa3,BBB
FRD24GG,10,Moodys,7,Long Term,HKG,21-Sep-24,B,2024-09-21,Moody's,B,B
FRD24GG,10,Moodys,7,Long Term,BSE,03-Oct-24,Aaa,2024-10-03,Moody's,Aaa,AAA
FRD24GG,10,Moodys,7,Long Term,HKG,19-Oct-24,D,2024-10-19,Moody's,D,D
FRD24GG,10,Moodys,7,Long Term,BSE,19-Nov-24,B-,2024-11-19,Moody's,B-,B-
FRD24GG,10,Moodys,7,Long Term,LON,28-Dec-24,Caa2,2024-12-28,Moody's,Caa2,Caa2
FRD24GG,10,Moodys,7,Short Term,BSE,21-Apr-24,A1,2024-04-21,Moody's,A1,A
FRD24GG,10,Moodys,7,Short Term,SGX,09-Jun-24,Ca,2024-06-09,Moody's,Ca,CC
FRD24GG,10,Moodys,7,Short Term,TYO,19-Jul-24,Ba3,2024-07-19,Moody's,Ba3,BB
FRD24GG,10,Moodys,7,Short Term,HKG,17-Aug-24,Aaa,2024-08-17,Moody's,Aaa,AAA
FRD24GG,10,Moodys,7,Short Term,NYC,08-Oct-24,Caa1,2024-10-08,Moody's,Caa1,Caa1
FRD24GG,10,Moodys,7,Short Term,HKG,10-Dec-24,A2,2024-12-10,Moody's,A2,A
FRD24GG,10,Moodys,7,Short Term,LON,11-Dec-24,BBB+,2024-12-11,Moody's,BBB+,BBB+
FRD24GG,30,S&P,90,Long Term,BSE,04-Feb-24,Baa1,2024-02-04,S&P,Baa1,Baa1
FRD24GG,30,S&P,90,Long Term,TYO,05-Mar-24,AA,2024-03-05,S&P,AA,AA
FRD24GG,30,S&P,90,Long Term,NYC,15-Mar-24,A1,2024-03-15,S&P,A1,A1
FRD24GG,30,S&P,90,Long Term,NSE,23-Apr-24,B+,2024-04-23,S&P,B+,B+
FRD24GG,30,S&P,90,Long Term,HKG,24-Apr-24,B3,2024-04-24,S&P,B3,B3
FRD24GG,30,S&P,90,Long Term,HKG,25-May-24,CCC-,2024-05-25,S&P,CCC-,CCC-
FRD24GG,30,S&P,90,Long Term,NYC,04-Jun-24,Ba3,2024-06-04,S&P,Ba3,Ba3
FRD24GG,30,S&P,90,Long Term,NYC,18-Jul-24,Caa1,2024-07-18,S&P,Caa1,Caa1
FRD24GG,30,S&P,90,Long Term,BSE,04-Sep-24,BB+,2024-09-04,S&P,BB+,BB+
FRD24GG,30,S&P,90,Long Term,HKG,20-Oct-24,Aa3,2024-10-20,S&P,Aa3,Aa3
FRD24GG,30,S&P,90,Long Term,HKG,14-Nov-24,B1,2024-11-14,S&P,B1,B1
FRD24GG,30,S&P,90,Long Term,BSE,19-Nov-24,Aaa,2024-11-19,S&P,Aaa,Aaa
FRD24GG,30,S&P,90,Short Term,BSE,16-Feb-24,B,2024-02-16,S&P,B,B
FRD24GG,30,S&P,90,Short Term,SGX,11-Mar-24,Aa2,2024-03-11,S&P,Aa2,Aa2
FRD24GG,30,S&P,90,Short Term,LON,31-Mar-24,BB+,2024-03-31,S&P,BB+,BB+
FRD24GG,30,S&P,90,Short Term,LON,04-Jun-24,Caa1,2024-06-04,S&P,Caa1,Caa1
FRD24GG,30,S&P,90,Short Term,NYC,12-Jun-24,C,2024-06-12,S&P,C,C
FRD24GG,30,S&P,90,Short Term,HKG,13-Jul-24,A1,2024-07-13,S&P,A1,A1
FRD24GG,30,S&P,90,Short Term,SGX,11-Aug-24,Aa1,2024-08-11,S&P,Aa1,Aa1
FRD24GG,30,S&P,90,Short Term,TYO,20-Aug-24,B+,2024-08-20,S&P,B+,B+
FRD24GG,30,S&P,90,Short Term,HKG,23-Sep-24,A+,2024-09-23,S&P,A+,A
FRD24GG,30,S&P,90,Short Term,SGX,14-Oct-24,AA+,2024-10-14,S&P,AA+,AA
FRD24GG,30,S&P,90,Short Term,BSE,20-Nov-24,BB,2024-11-20,S&P,BB,BB
KLP230R,40,DBRS,44,Long Term,TYO,24-Jan-24,Ba2,2024-01-24,DBRS,Ba2,BA2
KLP230R,40,DBRS,44,Long Term,TYO,11-Feb-24,B+,2024-02-11,DBRS,B+,B+
KLP230R,40,DBRS,44,Long Term,SGX,29-May-24,Ba3,2024-05-29,DBRS,Ba3,BA3
KLP230R,40,DBRS,44,Long Term,SGX,10-Jun-24,AA+,2024-06-10,DBRS,AA+,AA
KLP230R,40,DBRS,44,Long Term,LON,14-Jun-24,CCC-,2024-06-14,DBRS,CCC-,CCC-
KLP230R,40,DBRS,44,Long Term,BSE,02-Aug-24,AAA,2024-08-02,DBRS,AAA,AAA
KLP230R,40,DBRS,44,Long Term,BSE,17-Aug-24,CCC+,2024-08-17,DBRS,CCC+,CCC+
KLP230R,40,DBRS,44,Long Term,SGX,18-Nov-24,A,2024-11-18,DBRS,A,A
KLP230R,40,DBRS,44,Long Term,NYC,30-Nov-24,A3,2024-11-30,DBRS,A3,A3
KLP230R,40,DBRS,44,Long Term,TYO,17-Dec-24,C,2024-12-17,DBRS,C,C
KLP230R,40,DBRS,44,Short Term,BSE,06-Dec-24,Ca,2024-12-06,DBRS,Ca,CA
KLP230R,40,DBRS,44,Short Term,HKG,07-Dec-24,AA,2024-12-07,DBRS,AA,AA
KLP230R,20,Fitch,12,Long Term,NSE,23-Jan-24,Ca,2024-01-23,Fitch,Ca,Ca
KLP230R,20,Fitch,12,Long Term,SGX,27-Feb-24,Ba2,2024-02-27,Fitch,Ba2,Ba2
KLP230R,20,Fitch,12,Long Term,SGX,02-Mar-24,CC,2024-03-02,Fitch,CC,CC
KLP230R,20,Fitch,12,Long Term,SGX,10-Apr-24,Aa2,2024-04-10,Fitch,Aa2,Aa2
KLP230R,20,Fitch,12,Long Term,LON,22-May-24,Caa1,2024-05-22,Fitch,Caa1,Caa1
KLP230R,20,Fitch,12,Long Term,NSE,31-May-24,CC,2024-05-31,Fitch,CC,CC
KLP230R,20,Fitch,12,Long Term,LON,31-May-24,CCC+,2024-05-31,Fitch,CCC+,CCC+
KLP230R,20,Fitch,12,Long Term,LON,13-Jun-24,A+,2024-06-13,Fitch,A+,A
KLP230R,20,Fitch,12,Long Term,TYO,23-Sep-24,BB,2024-09-23,Fitch,BB,BB
KLP230R,20,Fitch,12,Long Term,TYO,23-Dec-24,Ba3,2024-12-23,Fitch,Ba3,Ba3
KLP230R,20,Fitch,12,Short Term,LON,28-Jan-24,Ca,2024-01-28,Fitch,Ca,Ca
KLP230R,20,Fitch,12,Short Term,NSE,29-Jan-24,A+,2024-01-29,Fitch,A+,A
KLP230R,20,Fitch,12,Short Term,SGX,13-Mar-24,Baa2,2024-03-13,Fitch,Baa2,Baa2
KLP230R,20,Fitch,12,Short Term,BSE,03-May-24,A1,2024-05-03,Fitch,A1,A1
KLP230R,20,Fitch,12,Short Term,HKG,03-Jul-24,AA,2024-07-03,Fitch,AA,AA
KLP230R,20,Fitch,12,Short Term,SGX,03-Sep-24,D,2024-09-03,Fitch,D,D
KLP230R,20,Fitch,12,Short Term,SGX,22-Sep-24,BBB,2024-09-22,Fitch,BBB,BBB
KLP230R,20,Fitch,12,Short Term,TYO,17-Oct-24,BBB,2024-10-17,Fitch,BBB,BBB
KLP230R,20,Fitch,12,Short Term,TYO,07-Nov-24,Aa2,2024-11-07,Fitch,Aa2,Aa2
KLP230R,20,Fitch,12,Short Term,SGX,08-Nov-24,BBB+,2024-11-08,Fitch,BBB+,BBB
KLP230R,20,Fitch,12,Short Term,NYC,14-Dec-24,D,2024-12-14,Fitch,D,D
KLP230R,10,Moodys,7,Long Term,TYO,23-Feb-24,B,2024-02-23,Moody's,B,B
KLP230R,10,Moodys,7,Long Term,NYC,25-Feb-24,Ba2,2024-02-25,Moody's,Ba2,BB
KLP230R,10,Moodys,7,Long Term,HKG,13-Apr-24,AA,2024-04-13,Moody's,AA,AA
KLP230R,10,Moodys,7,Long Term,NYC,30-May-24,A1,2024-05-30,Moody's,A1,A
KLP230R,10,Moodys,7,Long Term,NYC,09-Sep-24,Ba1,2024-09-09,Moody's,Ba1,BB
KLP230R,10,Moodys,7,Long Term,HKG,19-Sep-24,A,2024-09-19,Moody's,A,A
KLP230R,10,Moodys,7,Long Term,LON,15-Oct-24,Aaa,2024-10-15,Moody's,Aaa,AAA
KLP230R,10,Moodys,7,Long Term,SGX,23-Dec-24,Aa1,2024-12-23,Moody's,Aa1,AA
KLP230R,10,Moodys,7,Short Term,HKG,29-Feb-24,AA-,2024-02-29,Moody's,AA-,AA-
KLP230R,10,Moodys,7,Short Term,NSE,01-Mar-24,BBB+,2024-03-01,Moody's,BBB+,BBB+
KLP230R,10,Moodys,7,Short Term,NYC,04-Jun-24,AA+,2024-06-04,Moody's,AA+,AA+
KLP230R,10,Moodys,7,Short Term,SGX,10-Jul-24,BBB,2024-07-10,Moody's,BBB,BBB
KLP230R,10,Moodys,7,Short Term,LON,20-Jul-24,AAA,2024-07-20,Moody's,AAA,AAA
KLP230R,10,Moodys,7,Short Term,SGX,14-Dec-24,Baa2,2024-12-14,Moody's,Baa2,BBB
KLP230R,30,S&P,90,Long Term,HKG,30-Mar-24,AA-,2024-03-30,S&P,AA-,AA
KLP230R,30,S&P,90,Long Term,TYO,18-Jun-24,Baa1,2024-06-18,S&P,Baa1,Baa1
KLP230R,30,S&P,90,Long Term,LON,02-Aug-24,AA,2024-08-02,S&P,AA,AA
KLP230R,30,S&P,90,Long Term,BSE,19-Aug-24,BBB-,2024-08-19,S&P,BBB-,BBB
KLP230R,30,S&P,90,Long Term,BSE,30-Aug-24,BBB+,2024-08-30,S&P,BBB+,BBB
KLP230R,30,S&P,90,Long Term,HKG,02-Dec-24,Baa3,2024-12-02,S&P,Baa3,Baa3
KLP230R,30,S&P,90,Long Term,NSE,02-Dec-24,D,2024-12-02,S&P,D,D
KLP230R,30,S&P,90,Short Term,BSE,12-Jan-24,Aa3,2024-01-12,S&P,Aa3,Aa3
KLP230R,30,S&P,90,Short Term,NSE,22-Jan-24,Caa2,2024-01-22,S&P,Caa2,Caa2
KLP230R,30,S&P,90,Short Term,TYO,07-Dec-24,B3,2024-12-07,S&P,B3,B3
KLP230R,30,S&P,90,Short Term,NSE,09-Dec-24,A+,2024-12-09,S&P,A+,A
LQP772B,80,CARE,88,Corporate Rating,EUX,11-Jun-24,CCC,2024-06-11,CARE,CCC,CCC
LQP772B,80,CARE,88,Corporate Rating,TSX,12-Jul-24,A2+,2024-07-12,CARE,A2+,A2+
LQP772B,80,CARE,88,Corporate Rating,BSE,31-Jul-24,A+,2024-07-31,CARE,A+,A
LQP772B,80,CARE,88,Corporate Rating,JPX,05-Oct-24,BBB+,2024-10-05,CARE,BBB+,BBB
LQP772B,80,CARE,88,Corporate Rating,TSX,04-Dec-24,AA+,2024-12-04,CARE,AA+,AA
LQP772B,80,CARE,88,Corporate Rating,EUX,25-Dec-24,A2+,2024-12-25,CARE,A2+,A2+
LQP772B,80,CARE,88,Issuer Rating,BSE,10-Aug-24,BB+,2024-08-10,CARE,BB+,BB+
LQP772B,80,CARE,88,Issuer Rating,TSX,15-Aug-24,C,2024-08-15,CARE,C,C
LQP772B,80,CARE,88,Issuer Rating,JPX,16-Aug-24,Ba2,2024-08-16,CARE,Ba2,BA2
LQP772B,80,CARE,88,Issuer Rating,BSE,19-Dec-24,AA-,2024-12-19,CARE,AA-,AA
LQP772B,80,CARE,88,Issuer Rating,EUX,30-Dec-24,B,2024-12-30,CARE,B,B
LQP772B,80,CARE,88,Issuer Rating,EUX,31-Mar-25,C,2025-03-31,CARE,C,C
LQP772B,80,CARE,88,Issuer Rating,BSE,11-May-25,B+,2025-05-11,CARE,B+,B+
LQP772B,80,CARE,88,Issuer Rating,NSE,19-May-25,Caa2,2025-05-19,CARE,Caa2,CAA2
LQP772B,80,CARE,88,Long Term,NSE,09-Jul-24,A3,2024-07-09,CARE,A3,A3
LQP772B,80,CARE,88,Long Term,LSE,06-Nov-24,CC,2024-11-06,CARE,CC,CC
LQP772B,80,CARE,88,Long Term,BSE,07-Feb-25,A3,2025-02-07,CARE,A3,A3
LQP772B,80,CARE,88,Short Term,BSE,12-Sep-24,A1+,2024-09-12,CARE,A1+,A1+
LQP772B,70,ICRA,77,Corporate Rating,ASX,01-Jun-24,Baa3,2024-06-01,ICRA,Baa3,BAA3
LQP772B,70,ICRA,77,Corporate Rating,TSX,26-Aug-24,Ba2,2024-08-26,ICRA,Ba2,BA2
LQP772B,70,ICRA,77,Corporate Rating,TSX,24-Sep-24,A1+,2024-09-24,ICRA,A1+,A1+
LQP772B,70,ICRA,77,Corporate Rating,NSE,03-Oct-24,BB,2024-10-03,ICRA,BB,BB
LQP772B,70,ICRA,77,Corporate Rating,JPX,07-Nov-24,CCC+,2024-11-07,ICRA,CCC+,CCC+
LQP772B,70,ICRA,77,Corporate Rating,ASX,28-Apr-25,Baa3,2025-04-28,ICRA,Baa3,BAA3
LQP772B,70,ICRA,77,Issuer Rating,LSE,06-Oct-24,Ba2,2024-10-06,ICRA,Ba2,BA2
LQP772B,70,ICRA,77,Issuer Rating,ASX,13-Nov-24,C,2024-11-13,ICRA,C,C
LQP772B,70,ICRA,77,Issuer Rating,NSE,04-Mar-25,BB,2025-03-04,ICRA,BB,BB
LQP772B,70,ICRA,77,Issuer Rating,TSX,21-May-25,A+,2025-05-21,ICRA,A+,A
LQP772B,70,ICRA,77,Long Term,BSE,05-Oct-24,BB+,2024-10-05,ICRA,BB+,BB+
LQP772B,70,ICRA,77,Long Term,LSE,31-Oct-24,Baa1,2024-10-31,ICRA,Baa1,BAA1
LQP772B,70,ICRA,77,Long Term,EUX,30-Dec-24,Caa2,2024-12-30,ICRA,Caa2,CAA2
LQP772B,70,ICRA,77,Long Term,ASX,09-Jan-25,AA,2025-01-09,ICRA,AA,AA
LQP772B,70,ICRA,77,Short Term,TSX,02-Jun-24,A2,2024-06-02,ICRA,A2,A2
LQP772B,70,ICRA,77,Short Term,LSE,19-Jul-24,BBB,2024-07-19,ICRA,BBB,BBB
LQP772B,70,ICRA,77,Short Term,LSE,25-Mar-25,CC,2025-03-25,ICRA,CC,CC
LQP772B,70,ICRA,77,Short Term,BSE,15-Apr-25,B,2025-04-15,ICRA,B,B
LQP772B,50,Kroll,55,Corporate Rating,NSE,19-Jun-24,C,2024-06-19,Kroll,C,C
LQP772B,50,Kroll,55,Corporate Rating,JPX,15-Jul-24,CCC-,2024-07-15,Kroll,CCC-,CCC-
LQP772B,50,Kroll,55,Corporate Rating,ASX,13-Aug-24,B+,2024-08-13,Kroll,B+,B+
LQP772B,50,Kroll,55,Corporate Rating,ASX,02-Oct-24,C,2024-10-02,Kroll,C,C
LQP772B,50,Kroll,55,Corporate Rating,LSE,21-Oct-24,A1,2024-10-21,Kroll,A1,A1
LQP772B,50,Kroll,55,Issuer Rating,BSE,16-Jul-24,B+,2024-07-16,Kroll,B+,B+
LQP772B,50,Kroll,55,Issuer Rating,JPX,02-Aug-24,BBB-,2024-08-02,Kroll,BBB-,BBB
LQP772B,50,Kroll,55,Issuer Rating,NSE,30-Apr-25,AA-,2025-04-30,Kroll,AA-,AA
LQP772B,50,Kroll,55,Long Term,JPX,01-Jun-24,AA+,2024-06-01,Kroll,AA+,AA
LQP772B,50,Kroll,55,Long Term,ASX,12-Aug-24,AA-,2024-08-12,Kroll,AA-,AA
LQP772B,50,Kroll,55,Long Term,LSE,02-Nov-24,A2,2024-11-02,Kroll,A2,A2
LQP772B,50,Kroll,55,Short Term,JPX,28-Aug-24,AA,2024-08-28,Kroll,AA,AA
LQP772B,50,Kroll,55,Short Term,TSX,03-Sep-24,Caa1,2024-09-03,Kroll,Caa1,CAA1
LQP772B,50,Kroll,55,Short Term,TSX,25-Nov-24,Caa3,2024-11-25,Kroll,Caa3,CAA3
LQP772B,50,Kroll,55,Short Term,NSE,21-Dec-24,AA,2024-12-21,Kroll,AA,AA
LQP772B,60,Morningstar,66,Corporate Rating,NSE,16-Jul-24,Caa3,2024-07-16,Morningstar,Caa3,CAA3
LQP772B,60,Morningstar,66,Corporate Rating,NSE,13-Sep-24,AA+,2024-09-13,Morningstar,AA+,AA
LQP772B,60,Morningstar,66,Corporate Rating,TSX,16-Dec-24,C,2024-12-16,Morningstar,C,C
LQP772B,60,Morningstar,66,Corporate Rating,JPX,07-Apr-25,B-,2025-04-07,Morningstar,B-,B-
LQP772B,60,Morningstar,66,Issuer Rating,TSX,27-Jul-24,BBB-,2024-07-27,Morningstar,BBB-,BBB
LQP772B,60,Morningstar,66,Issuer Rating,ASX,16-Aug-24,AA-,2024-08-16,Morningstar,AA-,AA
LQP772B,60,Morningstar,66,Issuer Rating,TSX,12-Oct-24,Ca,2024-10-12,Morningstar,Ca,CA
LQP772B,60,Morningstar,66,Issuer Rating,EUX,10-Nov-24,BB,2024-11-10,Morningstar,BB,BB
LQP772B,60,Morningstar,66,Issuer Rating,LSE,14-Nov-24,AA,2024-11-14,Morningstar,AA,AA
LQP772B,60,Morningstar,66,Issuer Rating,JPX,17-Nov-24,Baa3,2024-11-17,Morningstar,Baa3,BAA3
LQP772B,60,Morningstar,66,Short Term,LSE,11-Jul-24,CC,2024-07-11,Morningstar,CC,CC
LQP772B,60,Morningstar,66,Short Term,LSE,09-Nov-24,CCC,2024-11-09,Morningstar,CCC,CCC
LQP772B,60,Morningstar,66,Short Term,ASX,16-Mar-25,C,2025-03-16,Morningstar,C,C
LQP772B,60,Morningstar,66,Short Term,LSE,25-Apr-25,AA-,2025-04-25,Morningstar,AA-,AA
MNQ991Y,80,CARE,88,Corporate Rating,NSE,29-Aug-24,Baa3,2024-08-29,CARE,Baa3,BAA3
MNQ991Y,80,CARE,88,Corporate Rating,EUX,28-Apr-25,C,2025-04-28,CARE,C,C
MNQ991Y,80,CARE,88,Issuer Rating,EUX,20-Jan-25,BB-,2025-01-20,CARE,BB-,BB-
MNQ991Y,80,CARE,88,Issuer Rating,TSX,04-Apr-25,A1,2025-04-04,CARE,A1,A1
MNQ991Y,80,CARE,88,Long Term,JPX,28-Jul-24,AAA,2024-07-28,CARE,AAA,AAA
MNQ991Y,80,CARE,88,Long Term,ASX,21-Feb-25,B+,2025-02-21,CARE,B+,B+
MNQ991Y,80,CARE,88,Short Term,JPX,19-Nov-24,Baa3,2024-11-19,CARE,Baa3,BAA3
MNQ991Y,40,DBRS,44,Long Term,SGX,04-Mar-24,CCC,2024-03-04,DBRS,CCC,CCC
MNQ991Y,40,DBRS,44,Long Term,BSE,07-Mar-24,A-,2024-03-07,DBRS,A-,A
MNQ991Y,40,DBRS,44,Long Term,NSE,15-May-24,Aa3,2024-05-15,DBRS,Aa3,AA3
MNQ991Y,40,DBRS,44,Long Term,NYC,23-Jul-24,CCC+,2024-07-23,DBRS,CCC+,CCC+
MNQ991Y,40,DBRS,44,Long Term,NSE,25-Aug-24,A1,2024-08-25,DBRS,A1,A1
MNQ991Y,40,DBRS,44,Long Term,BSE,12-Oct-24,A2,2024-10-12,DBRS,A2,A2
MNQ991Y,40,DBRS,44,Short Term,BSE,14-Jan-24,BBB,2024-01-14,DBRS,BBB,BBB
MNQ991Y,40,DBRS,44,Short Term,NYC,16-Jan-24,AA-,2024-01-16,DBRS,AA-,AA
MNQ991Y,40,DBRS,44,Short Term,NSE,15-Mar-24,BBB+,2024-03-15,DBRS,BBB+,BBB
MNQ991Y,40,DBRS,44,Short Term,LON,24-Mar-24,B3,2024-03-24,DBRS,B3,B3
MNQ991Y,40,DBRS,44,Short Term,TYO,13-Apr-24,B3,2024-04-13,DBRS,B3,B3
MNQ991Y,40,DBRS,44,Short Term,NYC,24-Jul-24,BBB,2024-07-24,DBRS,BBB,BBB
MNQ991Y,40,DBRS,44,Short Term,BSE,21-Sep-24,Aaa,2024-09-21,DBRS,Aaa,AAA
MNQ991Y,40,DBRS,44,Short Term,TYO,23-Sep-24,CCC,2024-09-23,DBRS,CCC,CCC
MNQ991Y,40,DBRS,44,Short Term,TYO,07-Oct-24,C,2024-10-07,DBRS,C,C
MNQ991Y,20,Fitch,12,Long Term,LON,12-Jan-24,CCC,2024-01-12,Fitch,CCC,CCC
MNQ991Y,20,Fitch,12,Long Term,TYO,23-Jun-24,A3,2024-06-23,Fitch,A3,A3
MNQ991Y,20,Fitch,12,Long Term,NSE,28-Jul-24,A-,2024-07-28,Fitch,A-,A
MNQ991Y,20,Fitch,12,Long Term,NSE,02-Sep-24,Caa2,2024-09-02,Fitch,Caa2,Caa2
MNQ991Y,20,Fitch,12,Long Term,TYO,14-Oct-24,AA-,2024-10-14,Fitch,AA-,AA
MNQ991Y,20,Fitch,12,Long Term,SGX,23-Oct-24,Aa2,2024-10-23,Fitch,Aa2,Aa2
MNQ991Y,20,Fitch,12,Long Term,NYC,26-Oct-24,CCC+,2024-10-26,Fitch,CCC+,CCC+
MNQ991Y,20,Fitch,12,Long Term,NSE,15-Nov-24,BBB-,2024-11-15,Fitch,BBB-,BBB
MNQ991Y,20,Fitch,12,Long Term,SGX,30-Nov-24,AA,2024-11-30,Fitch,AA,AA
MNQ991Y,20,Fitch,12,Short Term,TYO,23-Jan-24,BB-,2024-01-23,Fitch,BB-,BB
MNQ991Y,20,Fitch,12,Short Term,TYO,16-Feb-24,CCC-,2024-02-16,Fitch,CCC-,CCC-
MNQ991Y,20,Fitch,12,Short Term,LON,15-Mar-24,BB+,2024-03-15,Fitch,BB+,BB
MNQ991Y,20,Fitch,12,Short Term,LON,13-Apr-24,BB,2024-04-13,Fitch,BB,BB
MNQ991Y,20,Fitch,12,Short Term,NSE,01-Jun-24,BB,2024-06-01,Fitch,BB,BB
MNQ991Y,20,Fitch,12,Short Term,BSE,06-Jul-24,Aa1,2024-07-06,Fitch,Aa1,Aa1
MNQ991Y,20,Fitch,12,Short Term,LON,30-Nov-24,B1,2024-11-30,Fitch,B1,B1
MNQ991Y,20,Fitch,12,Short Term,NSE,12-Dec-24,Ba1,2024-12-12,Fitch,Ba1,Ba1
MNQ991Y,20,Fitch,12,Short Term,HKG,20-Dec-24,A,2024-12-20,Fitch,A,A
MNQ991Y,70,ICRA,77,Corporate Rating,LSE,15-Sep-24,BB+,2024-09-15,ICRA,BB+,BB+
MNQ991Y,70,ICRA,77,Corporate Rating,ASX,14-Nov-24,BBB-,2024-11-14,ICRA,BBB-,BBB
MNQ991Y,70,ICRA,77,Corporate Rating,JPX,27-Apr-25,BBB,2025-04-27,ICRA,BBB,BBB
MNQ991Y,70,ICRA,77,Issuer Rating,BSE,10-Jun-24,A,2024-06-10,ICRA,A,A
MNQ991Y,70,ICRA,77,Issuer Rating,TSX,21-Aug-24,Caa2,2024-08-21,ICRA,Caa2,CAA2
MNQ991Y,70,ICRA,77,Issuer Rating,TSX,10-Nov-24,BB+,2024-11-10,ICRA,BB+,BB+
MNQ991Y,70,ICRA,77,Issuer Rating,NSE,02-Mar-25,BBB+,2025-03-02,ICRA,BBB+,BBB
MNQ991Y,70,ICRA,77,Long Term,NSE,24-Jun-24,BB-,2024-06-24,ICRA,BB-,BB-
MNQ991Y,70,ICRA,77,Long Term,TSX,23-Jul-24,C,2024-07-23,ICRA,C,C
MNQ991Y,70,ICRA,77,Long Term,ASX,16-Dec-24,Baa3,2024-12-16,ICRA,Baa3,BAA3
MNQ991Y,70,ICRA,77,Long Term,JPX,21-Dec-24,CC,2024-12-21,ICRA,CC,CC
MNQ991Y,70,ICRA,77,Long Term,NSE,18-Mar-25,Ba3,2025-03-18,ICRA,Ba3,BA3
MNQ991Y,70,ICRA,77,Short Term,BSE,29-Jun-24,A1+,2024-06-29,ICRA,A1+,A1+
MNQ991Y,70,ICRA,77,Short Term,EUX,11-Aug-24,AA+,2024-08-11,ICRA,AA+,AA
MNQ991Y,70,ICRA,77,Short Term,JPX,15-Nov-24,Baa1,2024-11-15,ICRA,Baa1,BAA1
MNQ991Y,70,ICRA,77,Short Term,EUX,27-Nov-24,BBB-,2024-11-27,ICRA,BBB-,BBB
MNQ991Y,70,ICRA,77,Short Term,LSE,03-Dec-24,C,2024-12-03,ICRA,C,C
MNQ991Y,70,ICRA,77,Short Term,NSE,22-May-25,B+,2025-05-22,ICRA,B+,B+
MNQ991Y,50,Kroll,55,Corporate Rating,TSX,20-Jun-24,Ba3,2024-06-20,Kroll,Ba3,BA3
MNQ991Y,50,Kroll,55,Corporate Rating,JPX,17-Jul-24,AA+,2024-07-17,Kroll,AA+,AA
MNQ991Y,50,Kroll,55,Corporate Rating,TSX,25-Sep-24,A+,2024-09-25,Kroll,A+,A
MNQ991Y,50,Kroll,55,Corporate Rating,ASX,26-Sep-24,A2,2024-09-26,Kroll,A2,A2
MNQ991Y,50,Kroll,55,Corporate Rating,JPX,02-Mar-25,B+,2025-03-02,Kroll,B+,B+
MNQ991Y,50,Kroll,55,Issuer Rating,NSE,22-Sep-24,BBB,2024-09-22,Kroll,BBB,BBB
MNQ991Y,50,Kroll,55,Issuer Rating,TSX,17-Nov-24,B+,2024-11-17,Kroll,B+,B+
MNQ991Y,50,Kroll,55,Issuer Rating,TSX,19-Feb-25,A1+,2025-02-19,Kroll,A1+,A1+
MNQ991Y,50,Kroll,55,Issuer Rating,JPX,19-Mar-25,BB-,2025-03-19,Kroll,BB-,BB-
MNQ991Y,50,Kroll,55,Long Term,JPX,02-Sep-24,A,2024-09-02,Kroll,A,A
MNQ991Y,50,Kroll,55,Long Term,JPX,28-Nov-24,A,2024-11-28,Kroll,A,A
MNQ991Y,50,Kroll,55,Long Term,LSE,29-Nov-24,CCC+,2024-11-29,Kroll,CCC+,CCC+
MNQ991Y,50,Kroll,55,Long Term,JPX,08-May-25,A,2025-05-08,Kroll,A,A
MNQ991Y,50,Kroll,55,Short Term,BSE,20-Jul-24,BB-,2024-07-20,Kroll,BB-,BB-
MNQ991Y,50,Kroll,55,Short Term,TSX,14-Dec-24,C,2024-12-14,Kroll,C,C
MNQ991Y,50,Kroll,55,Short Term,LSE,08-Jan-25,Ca,2025-01-08,Kroll,Ca,CA
MNQ991Y,50,Kroll,55,Short Term,ASX,25-Jan-25,Caa3,2025-01-25,Kroll,Caa3,CAA3
MNQ991Y,10,Moodys,7,Long Term,HKG,19-Mar-24,CCC+,2024-03-19,Moody's,CCC+,CCC+
MNQ991Y,10,Moodys,7,Long Term,BSE,05-Apr-24,B+,2024-04-05,Moody's,B+,B+
MNQ991Y,10,Moodys,7,Long Term,NSE,18-Aug-24,C,2024-08-18,Moody's,C,C
MNQ991Y,10,Moodys,7,Long Term,LON,07-Sep-24,AA,2024-09-07,Moody's,AA,AA
MNQ991Y,10,Moodys,7,Long Term,HKG,18-Sep-24,CC,2024-09-18,Moody's,CC,CC
MNQ991Y,10,Moodys,7,Long Term,LON,15-Oct-24,Ba2,2024-10-15,Moody's,Ba2,BB
MNQ991Y,10,Moodys,7,Long Term,NSE,20-Oct-24,BB-,2024-10-20,Moody's,BB-,BB-
MNQ991Y,10,Moodys,7,Short Term,NSE,09-Apr-24,AA,2024-04-09,Moody's,AA,AA
MNQ991Y,10,Moodys,7,Short Term,NYC,24-Jul-24,Ca,2024-07-24,Moody's,Ca,CC
MNQ991Y,10,Moodys,7,Short Term,NYC,12-Aug-24,A3,2024-08-12,Moody's,A3,A
MNQ991Y,10,Moodys,7,Short Term,SGX,31-Aug-24,Caa2,2024-08-31,Moody's,Caa2,Caa2
MNQ991Y,10,Moodys,7,Short Term,HKG,06-Oct-24,Caa2,2024-10-06,Moody's,Caa2,Caa2
MNQ991Y,10,Moodys,7,Short Term,HKG,03-Dec-24,Ba3,2024-12-03,Moody's,Ba3,BB
MNQ991Y,60,Morningstar,66,Corporate Rating,BSE,16-Jun-24,BB-,2024-06-16,Morningstar,BB-,BB-
MNQ991Y,60,Morningstar,66,Corporate Rating,BSE,20-Jan-25,Baa2,2025-01-20,Morningstar,Baa2,BAA2
MNQ991Y,60,Morningstar,66,Issuer Rating,BSE,01-Sep-24,AA+,2024-09-01,Morningstar,AA+,AA
MNQ991Y,60,Morningstar,66,Issuer Rating,EUX,30-Sep-24,Ba3,2024-09-30,Morningstar,Ba3,BA3
MNQ991Y,60,Morningstar,66,Issuer Rating,ASX,01-Mar-25,A1+,2025-03-01,Morningstar,A1+,A1+
MNQ991Y,60,Morningstar,66,Issuer Rating,JPX,19-Mar-25,BB+,2025-03-19,Morningstar,BB+,BB+
MNQ991Y,60,Morningstar,66,Issuer Rating,TSX,26-Apr-25,Caa3,2025-04-26,Morningstar,Caa3,CAA3
MNQ991Y,60,Morningstar,66,Long Term,EUX,30-Jul-24,CCC+,2024-07-30,Morningstar,CCC+,CCC+
MNQ991Y,60,Morningstar,66,Long Term,EUX,15-Aug-24,AA+,2024-08-15,Morningstar,AA+,AA
MNQ991Y,60,Morningstar,66,Long Term,NSE,04-Oct-24,Caa3,2024-10-04,Morningstar,Caa3,CAA3
MNQ991Y,60,Morningstar,66,Long Term,LSE,07-Nov-24,Baa3,2024-11-07,Morningstar,Baa3,BAA3
MNQ991Y,60,Morningstar,66,Long Term,NSE,17-Dec-24,CCC,2024-12-17,Morningstar,CCC,CCC
MNQ991Y,60,Morningstar,66,Long Term,NSE,18-Dec-24,C,2024-12-18,Morningstar,C,C
MNQ991Y,60,Morningstar,66,Long Term,BSE,31-Jan-25,Ba2,2025-01-31,Morningstar,Ba2,BA2
MNQ991Y,60,Morningstar,66,Short Term,ASX,28-Sep-24,C,2024-09-28,Morningstar,C,C
MNQ991Y,60,Morningstar,66,Short Term,BSE,24-Oct-24,Caa3,2024-10-24,Morningstar,Caa3,CAA3
MNQ991Y,60,Morningstar,66,Short Term,EUX,18-Feb-25,Caa1,2025-02-18,Morningstar,Caa1,CAA1
MNQ991Y,60,Morningstar,66,Short Term,BSE,22-Apr-25,AA-,2025-04-22,Morningstar,AA-,AA
MNQ991Y,30,S&P,90,Long Term,HKG,23-Aug-24,BBB-,2024-08-23,S&P,BBB-,BBB
MNQ991Y,30,S&P,90,Long Term,TYO,07-Nov-24,Caa1,2024-11-07,S&P,Caa1,Caa1
MNQ991Y,30,S&P,90,Short Term,BSE,24-Feb-24,Ba2,2024-02-24,S&P,Ba2,Ba2
MNQ991Y,30,S&P,90,Short Term,NYC,31-Mar-24,BBB-,2024-03-31,S&P,BBB-,BBB
MNQ991Y,30,S&P,90,Short Term,NYC,08-Apr-24,AA,2024-04-08,S&P,AA,AA
MNQ991Y,30,S&P,90,Short Term,SGX,02-Aug-24,Ba2,2024-08-02,S&P,Ba2,Ba2
MNQ991Y,30,S&P,90,Short Term,BSE,04-Aug-24,Ca,2024-08-04,S&P,Ca,Ca
MNQ991Y,30,S&P,90,Short Term,HKG,07-Aug-24,BB,2024-08-07,S&P,BB,BB
MNQ991Y,30,S&P,90,Short Term,TYO,27-Aug-24,B2,2024-08-27,S&P,B2,B2
NVX980A,40,DBRS,44,Long Term,HKG,28-Jan-24,C,2024-01-28,DBRS,C,C
NVX980A,40,DBRS,44,Long Term,NYC,21-May-24,A3,2024-05-21,DBRS,A3,A3
NVX980A,40,DBRS,44,Long Term,SGX,10-Jun-24,D,2024-06-10,DBRS,D,D
NVX980A,40,DBRS,44,Long Term,BSE,10-Aug-24,Baa3,2024-08-10,DBRS,Baa3,BAA3
NVX980A,40,DBRS,44,Long Term,LON,24-Sep-24,A-,2024-09-24,DBRS,A-,A
NVX980A,40,DBRS,44,Long Term,NYC,28-Nov-24,B2,2024-11-28,DBRS,B2,B2
NVX980A,40,DBRS,44,Long Term,NYC,04-Dec-24,BBB-,2024-12-04,DBRS,BBB-,BBB
NVX980A,40,DBRS,44,Short Term,LON,09-Jan-24,D,2024-01-09,DBRS,D,D
NVX980A,40,DBRS,44,Short Term,HKG,13-Feb-24,Caa3,2024-02-13,DBRS,Caa3,CAA3
NVX980A,40,DBRS,44,Short Term,SGX,22-Feb-24,Caa1,2024-02-22,DBRS,Caa1,CAA1
NVX980A,40,DBRS,44,Short Term,SGX,02-Mar-24,AA-,2024-03-02,DBRS,AA-,AA
NVX980A,40,DBRS,44,Short Term,NSE,31-Aug-24,AA-,2024-08-31,DBRS,AA-,AA
NVX980A,40,DBRS,44,Short Term,HKG,03-Dec-24,A1,2024-12-03,DBRS,A1,A1
NVX980A,40,DBRS,44,Short Term,SGX,06-Dec-24,B3,2024-12-06,DBRS,B3,B3
NVX980A,40,DBRS,44,Short Term,HKG,18-Dec-24,Ca,2024-12-18,DBRS,Ca,CA
NVX980A,20,Fitch,12,Long Term,BSE,31-Jan-24,Caa3,2024-01-31,Fitch,Caa3,Caa3
NVX980A,20,Fitch,12,Long Term,TYO,05-Apr-24,Aaa,2024-04-05,Fitch,Aaa,Aaa
NVX980A,20,Fitch,12,Long Term,BSE,12-Apr-24,B3,2024-04-12,Fitch,B3,B3
NVX980A,20,Fitch,12,Long Term,TYO,02-May-24,Ba3,2024-05-02,Fitch,Ba3,Ba3
NVX980A,20,Fitch,12,Long Term,TYO,24-May-24,Caa2,2024-05-24,Fitch,Caa2,Caa2
NVX980A,20,Fitch,12,Long Term,HKG,01-Jul-24,B1,2024-07-01,Fitch,B1,B1
NVX980A,20,Fitch,12,Long Term,NSE,14-Sep-24,BBB-,2024-09-14,Fitch,BBB-,BBB
NVX980A,20,Fitch,12,Short Term,NSE,26-Mar-24,AA-,2024-03-26,Fitch,AA-,AA
NVX980A,20,Fitch,12,Short Term,HKG,26-Mar-24,BB,2024-03-26,Fitch,BB,BB
NVX980A,20,Fitch,12,Short Term,HKG,12-Apr-24,BBB+,2024-04-12,Fitch,BBB+,BBB
NVX980A,20,Fitch,12,Short Term,NYC,27-Apr-24,Ca,2024-04-27,Fitch,Ca,Ca
NVX980A,20,Fitch,12,Short Term,TYO,25-Jul-24,BBB-,2024-07-25,Fitch,BBB-,BBB
NVX980A,20,Fitch,12,Short Term,LON,17-Sep-24,B-,2024-09-17,Fitch,B-,B-
NVX980A,20,Fitch,12,Short Term,HKG,04-Nov-24,AA+,2024-11-04,Fitch,AA+,AA+
NVX980A,10,Moodys,7,Long Term,NSE,25-Jan-24,Ba2,2024-01-25,Moody's,Ba2,BB
NVX980A,10,Moodys,7,Long Term,HKG,22-Apr-24,Aa1,2024-04-22,Moody's,Aa1,AA
NVX980A,10,Moodys,7,Long Term,TYO,12-Jul-24,AAA,2024-07-12,Moody's,AAA,AAA
NVX980A,10,Moodys,7,Long Term,SGX,14-Jul-24,AAA,2024-07-14,Moody's,AAA,AAA
NVX980A,10,Moodys,7,Long Term,LON,14-Dec-24,Aa1,2024-12-14,Moody's,Aa1,AA
NVX980A,10,Moodys,7,Long Term,NSE,28-Dec-24,B1,2024-12-28,Moody's,B1,B
NVX980A,10,Moodys,7,Short Term,TYO,08-Mar-24,D,2024-03-08,Moody's,D,D
NVX980A,10,Moodys,7,Short Term,HKG,26-Apr-24,B3,2024-04-26,Moody's,B3,B
NVX980A,10,Moodys,7,Short Term,NYC,17-May-24,A3,2024-05-17,Moody's,A3,A
NVX980A,10,Moodys,7,Short Term,BSE,03-Jun-24,BBB,2024-06-03,Moody's,BBB,BBB
NVX980A,10,Moodys,7,Short Term,NYC,13-Jun-24,A2,2024-06-13,Moody's,A2,A
NVX980A,10,Moodys,7,Short Term,TYO,27-Jun-24,Baa3,2024-06-27,Moody's,Baa3,BBB
NVX980A,30,S&P,90,Long Term,NYC,19-Jan-24,Aaa,2024-01-19,S&P,Aaa,Aaa
NVX980A,30,S&P,90,Long Term,NYC,08-Mar-24,CCC-,2024-03-08,S&P,CCC-,CCC-
NVX980A,30,S&P,90,Long Term,NSE,04-May-24,A+,2024-05-04,S&P,A+,A
NVX980A,30,S&P,90,Long Term,NYC,03-Jun-24,B2,2024-06-03,S&P,B2,B2
NVX980A,30,S&P,90,Long Term,HKG,19-Jul-24,Caa2,2024-07-19,S&P,Caa2,Caa2
NVX980A,30,S&P,90,Long Term,BSE,02-Sep-24,CC,2024-09-02,S&P,CC,CC
NVX980A,30,S&P,90,Long Term,NYC,20-Sep-24,B-,2024-09-20,S&P,B-,B-
NVX980A,30,S&P,90,Short Term,NYC,16-Jun-24,A3,2024-06-16,S&P,A3,A3
NVX980A,30,S&P,90,Short Term,SGX,20-Jun-24,CCC+,2024-06-20,S&P,CCC+,CCC+
NVX980A,30,S&P,90,Short Term,BSE,02-Aug-24,CC,2024-08-02,S&P,CC,CC
NVX980A,30,S&P,90,Short Term,HKG,02-Sep-24,A-,2024-09-02,S&P,A-,A
NVX980A,30,S&P,90,Short Term,HKG,03-Sep-24,Aaa,2024-09-03,S&P,Aaa,Aaa
PRT111X,80,CARE,88,Corporate Rating,JPX,11-Jul-24,Caa1,2024-07-11,CARE,Caa1,CAA1
PRT111X,80,CARE,88,Corporate Rating,BSE,28-Oct-24,A3,2024-10-28,CARE,A3,A3
PRT111X,80,CARE,88,Corporate Rating,TSX,08-Dec-24,D,2024-12-08,CARE,D,D
PRT111X,80,CARE,88,Corporate Rating,NSE,27-Feb-25,A+,2025-02-27,CARE,A+,A
PRT111X,80,CARE,88,Corporate Rating,TSX,29-Apr-25,Ba1,2025-04-29,CARE,Ba1,BA1
PRT111X,80,CARE,88,Issuer Rating,EUX,11-Sep-24,B,2024-09-11,CARE,B,B
PRT111X,80,CARE,88,Issuer Rating,ASX,23-Sep-24,AAA,2024-09-23,CARE,AAA,AAA
PRT111X,80,CARE,88,Issuer Rating,BSE,02-Oct-24,Ba2,2024-10-02,CARE,Ba2,BA2
PRT111X,80,CARE,88,Issuer Rating,JPX,13-Oct-24,Baa3,2024-10-13,CARE,Baa3,BAA3
PRT111X,80,CARE,88,Issuer Rating,ASX,24-Dec-24,BB-,2024-12-24,CARE,BB-,BB-
PRT111X,80,CARE,88,Issuer Rating,LSE,08-Mar-25,Caa3,2025-03-08,CARE,Caa3,CAA3
PRT111X,80,CARE,88,Issuer Rating,BSE,18-Apr-25,AA+,2025-04-18,CARE,AA+,AA
PRT111X,80,CARE,88,Long Term,BSE,26-Aug-24,Caa3,2024-08-26,CARE,Caa3,CAA3
PRT111X,80,CARE,88,Long Term,JPX,04-Dec-24,Baa2,2024-12-04,CARE,Baa2,BAA2
PRT111X,80,CARE,88,Short Term,ASX,22-Nov-24,B,2024-11-22,CARE,B,B
PRT111X,80,CARE,88,Short Term,NSE,27-Dec-24,A1,2024-12-27,CARE,A1,A1
PRT111X,80,CARE,88,Short Term,EUX,30-Jan-25,C,2025-01-30,CARE,C,C
PRT111X,80,CARE,88,Short Term,LSE,23-Feb-25,CCC,2025-02-23,CARE,CCC,CCC
PRT111X,70,ICRA,77,Corporate Rating,LSE,04-Jul-24,BBB+,2024-07-04,ICRA,BBB+,BBB
PRT111X,70,ICRA,77,Corporate Rating,ASX,17-Oct-24,BB+,2024-10-17,ICRA,BB+,BB+
PRT111X,70,ICRA,77,Corporate Rating,EUX,01-Dec-24,BBB+,2024-12-01,ICRA,BBB+,BBB
PRT111X,70,ICRA,77,Corporate Rating,EUX,04-Mar-25,AA+,2025-03-04,ICRA,AA+,AA
PRT111X,70,ICRA,77,Issuer Rating,JPX,22-Jun-24,Baa1,2024-06-22,ICRA,Baa1,BAA1
PRT111X,70,ICRA,77,Issuer Rating,JPX,06-May-25,BBB,2025-05-06,ICRA,BBB,BBB
PRT111X,70,ICRA,77,Issuer Rating,BSE,20-May-25,Ca,2025-05-20,ICRA,Ca,CA
PRT111X,70,ICRA,77,Issuer Rating,EUX,28-May-25,AA-,2025-05-28,ICRA,AA-,AA
PRT111X,70,ICRA,77,Issuer Rating,TSX,01-Jun-25,A3,2025-06-01,ICRA,A3,A3
PRT111X,70,ICRA,77,Long Term,LSE,23-Jun-24,B,2024-06-23,ICRA,B,B
PRT111X,70,ICRA,77,Long Term,BSE,28-Jul-24,A-,2024-07-28,ICRA,A-,A
PRT111X,70,ICRA,77,Long Term,EUX,30-Aug-24,CCC-,2024-08-30,ICRA,CCC-,CCC-
PRT111X,70,ICRA,77,Long Term,NSE,01-Feb-25,BB+,2025-02-01,ICRA,BB+,BB+
PRT111X,70,ICRA,77,Long Term,EUX,29-Mar-25,Caa3,2025-03-29,ICRA,Caa3,CAA3
PRT111X,70,ICRA,77,Long Term,EUX,20-May-25,B+,2025-05-20,ICRA,B+,B+
PRT111X,70,ICRA,77,Short Term,BSE,12-Aug-24,Ca,2024-08-12,ICRA,Ca,CA
PRT111X,70,ICRA,77,Short Term,TSX,01-Jan-25,C,2025-01-01,ICRA,C,C
PRT111X,50,Kroll,55,Corporate Rating,JPX,26-Jul-24,B,2024-07-26,Kroll,B,B
PRT111X,50,Kroll,55,Corporate Rating,LSE,03-Apr-25,Caa2,2025-04-03,Kroll,Caa2,CAA2
PRT111X,50,Kroll,55,Corporate Rating,EUX,13-May-25,A1+,2025-05-13,Kroll,A1+,A1+
PRT111X,50,Kroll,55,Issuer Rating,TSX,09-Apr-25,Caa1,2025-04-09,Kroll,Caa1,CAA1
PRT111X,50,Kroll,55,Long Term,TSX,04-Jul-24,D,2024-07-04,Kroll,D,D
PRT111X,50,Kroll,55,Long Term,LSE,26-Aug-24,A2,2024-08-26,Kroll,A2,A2
PRT111X,50,Kroll,55,Long Term,TSX,14-Dec-24,Ba1,2024-12-14,Kroll,Ba1,BA1
PRT111X,50,Kroll,55,Long Term,JPX,26-Apr-25,D,2025-04-26,Kroll,D,D
PRT111X,50,Kroll,55,Long Term,TSX,05-May-25,BBB+,2025-05-05,Kroll,BBB+,BBB
PRT111X,50,Kroll,55,Short Term,LSE,14-Dec-24,Baa3,2024-12-14,Kroll,Baa3,BAA3
PRT111X,50,Kroll,55,Short Term,TSX,11-Feb-25,B,2025-02-11,Kroll,B,B
PRT111X,50,Kroll,55,Short Term,EUX,17-Apr-25,B+,2025-04-17,Kroll,B+,B+
PRT111X,60,Morningstar,66,Corporate Rating,JPX,20-Sep-24,CCC-,2024-09-20,Morningstar,CCC-,CCC-
PRT111X,60,Morningstar,66,Issuer Rating,LSE,08-Jul-24,Baa3,2024-07-08,Morningstar,Baa3,BAA3
PRT111X,60,Morningstar,66,Issuer Rating,NSE,12-Oct-24,A+,2024-10-12,Morningstar,A+,A
PRT111X,60,Morningstar,66,Issuer Rating,TSX,23-Mar-25,Ba1,2025-03-23,Morningstar,Ba1,BA1
PRT111X,60,Morningstar,66,Issuer Rating,LSE,26-May-25,AAA,2025-05-26,Morningstar,AAA,AAA
PRT111X,60,Morningstar,66,Issuer Rating,LSE,27-May-25,CCC+,2025-05-27,Morningstar,CCC+,CCC+
PRT111X,60,Morningstar,66,Long Term,TSX,23-Jun-24,Ba2,2024-06-23,Morningstar,Ba2,BA2
PRT111X,60,Morningstar,66,Long Term,NSE,26-Oct-24,B+,2024-10-26,Morningstar,B+,B+
PRT111X,60,Morningstar,66,Long Term,BSE,01-Dec-24,A1,2024-12-01,Morningstar,A1,A1
PRT111X,60,Morningstar,66,Long Term,ASX,20-Mar-25,AA,2025-03-20,Morningstar,AA,AA
PRT111X,60,Morningstar,66,Long Term,TSX,22-Apr-25,A1,2025-04-22,Morningstar,A1,A1
PRT111X,60,Morningstar,66,Long Term,TSX,01-May-25,AA-,2025-05-01,Morningstar,AA-,AA
PRT111X,60,Morningstar,66,Short Term,EUX,19-Jun-24,Caa2,2024-06-19,Morningstar,Caa2,CAA2
PRT111X,60,Morningstar,66,Short Term,LSE,23-Sep-24,B,2024-09-23,Morningstar,B,B
PRT111X,60,Morningstar,66,Short Term,TSX,08-Jan-25,Ca,2025-01-08,Morningstar,Ca,CA
PRT111X,60,Morningstar,66,Short Term,BSE,15-Jan-25,BBB-,2025-01-15,Morningstar,BBB-,BBB
PRT111X,60,Morningstar,66,Short Term,LSE,15-May-25,D,2025-05-15,Morningstar,D,D
QWE452M,80,CARE,88,Issuer Rating,NSE,28-Sep-24,A-,2024-09-28,CARE,A-,A
QWE452M,80,CARE,88,Issuer Rating,NSE,02-Dec-24,B+,2024-12-02,CARE,B+,B+
QWE452M,80,CARE,88,Issuer Rating,ASX,22-Jan-25,CC,2025-01-22,CARE,CC,CC
QWE452M,80,CARE,88,Issuer Rating,EUX,03-Mar-25,A2+,2025-03-03,CARE,A2+,A2+
QWE452M,80,CARE,88,Long Term,EUX,25-Jun-24,Caa3,2024-06-25,CARE,Caa3,CAA3
QWE452M,80,CARE,88,Long Term,BSE,28-Dec-24,D,2024-12-28,CARE,D,D
QWE452M,80,CARE,88,Short Term,JPX,01-Jun-24,C,2024-06-01,CARE,C,C
QWE452M,80,CARE,88,Short Term,BSE,26-Oct-24,A1+,2024-10-26,CARE,A1+,A1+
QWE452M,80,CARE,88,Short Term,JPX,06-Jan-25,BB+,2025-01-06,CARE,BB+,BB+
QWE452M,80,CARE,88,Short Term,TSX,04-Mar-25,Baa3,2025-03-04,CARE,Baa3,BAA3
QWE452M,80,CARE,88,Short Term,LSE,21-Mar-25,BB-,2025-03-21,CARE,BB-,BB-
QWE452M,70,ICRA,77,Corporate Rating,BSE,08-Jan-25,Ba2,2025-01-08,ICRA,Ba2,BA2
QWE452M,70,ICRA,77,Corporate Rating,JPX,06-Feb-25,A+,2025-02-06,ICRA,A+,A
QWE452M,70,ICRA,77,Issuer Rating,JPX,25-Jun-24,AA,2024-06-25,ICRA,AA,AA
QWE452M,70,ICRA,77,Issuer Rating,TSX,16-Sep-24,Caa3,2024-09-16,ICRA,Caa3,CAA3
QWE452M,70,ICRA,77,Issuer Rating,LSE,28-Dec-24,A2+,2024-12-28,ICRA,A2+,A2+
QWE452M,70,ICRA,77,Issuer Rating,LSE,13-Mar-25,CCC+,2025-03-13,ICRA,CCC+,CCC+
QWE452M,70,ICRA,77,Long Term,LSE,21-Sep-24,A,2024-09-21,ICRA,A,A
QWE452M,70,ICRA,77,Long Term,TSX,26-Dec-24,A-,2024-12-26,ICRA,A-,A
QWE452M,70,ICRA,77,Long Term,NSE,22-Jan-25,CCC-,2025-01-22,ICRA,CCC-,CCC-
QWE452M,70,ICRA,77,Short Term,TSX,14-Aug-24,A1,2024-08-14,ICRA,A1,A1
QWE452M,70,ICRA,77,Short Term,JPX,22-Aug-24,Ca,2024-08-22,ICRA,Ca,CA
QWE452M,70,ICRA,77,Short Term,EUX,22-Sep-24,Caa2,2024-09-22,ICRA,Caa2,CAA2
QWE452M,70,ICRA,77,Short Term,TSX,14-Nov-24,BB,2024-11-14,ICRA,BB,BB
QWE452M,50,Kroll,55,Corporate Rating,EUX,16-Sep-24,BB,2024-09-16,Kroll,BB,BB
QWE452M,50,Kroll,55,Corporate Rating,JPX,14-Nov-24,C,2024-11-14,Kroll,C,C
QWE452M,50,Kroll,55,Corporate Rating,JPX,09-Jan-25,Baa2,2025-01-09,Kroll,Baa2,BAA2
QWE452M,50,Kroll,55,Corporate Rating,JPX,28-Apr-25,AA,2025-04-28,Kroll,AA,AA
QWE452M,50,Kroll,55,Issuer Rating,BSE,17-Oct-24,CCC,2024-10-17,Kroll,CCC,CCC
QWE452M,50,Kroll,55,Issuer Rating,JPX,30-Oct-24,Ba1,2024-10-30,Kroll,Ba1,BA1
QWE452M,50,Kroll,55,Issuer Rating,ASX,07-Jan-25,AA+,2025-01-07,Kroll,AA+,AA
QWE452M,50,Kroll,55,Issuer Rating,ASX,09-Jan-25,A,2025-01-09,Kroll,A,A
QWE452M,50,Kroll,55,Issuer Rating,ASX,16-Jan-25,D,2025-01-16,Kroll,D,D
QWE452M,50,Kroll,55,Long Term,TSX,14-Aug-24,Baa1,2024-08-14,Kroll,Baa1,BAA1
QWE452M,50,Kroll,55,Long Term,ASX,23-Aug-24,Ca,2024-08-23,Kroll,Ca,CA
QWE452M,50,Kroll,55,Long Term,LSE,22-Nov-24,C,2024-11-22,Kroll,C,C
QWE452M,50,Kroll,55,Long Term,BSE,08-Jan-25,A,2025-01-08,Kroll,A,A
QWE452M,50,Kroll,55,Long Term,EUX,11-Apr-25,C,2025-04-11,Kroll,C,C
QWE452M,50,Kroll,55,Short Term,JPX,28-Sep-24,Ba1,2024-09-28,Kroll,Ba1,BA1
QWE452M,60,Morningstar,66,Corporate Rating,ASX,26-Jun-24,CCC-,2024-06-26,Morningstar,CCC-,CCC-
QWE452M,60,Morningstar,66,Corporate Rating,NSE,16-Apr-25,Ba2,2025-04-16,Morningstar,Ba2,BA2
QWE452M,60,Morningstar,66,Corporate Rating,BSE,29-May-25,A+,2025-05-29,Morningstar,A+,A
QWE452M,60,Morningstar,66,Issuer Rating,BSE,27-Jul-24,AA-,2024-07-27,Morningstar,AA-,AA
QWE452M,60,Morningstar,66,Issuer Rating,JPX,16-Nov-24,Caa1,2024-11-16,Morningstar,Caa1,CAA1
QWE452M,60,Morningstar,66,Issuer Rating,BSE,23-Dec-24,Caa2,2024-12-23,Morningstar,Caa2,CAA2
QWE452M,60,Morningstar,66,Long Term,JPX,15-Oct-24,A,2024-10-15,Morningstar,A,A
QWE452M,60,Morningstar,66,Long Term,JPX,04-Mar-25,BBB,2025-03-04,Morningstar,BBB,BBB
QWE452M,60,Morningstar,66,Long Term,TSX,06-Mar-25,BB-,2025-03-06,Morningstar,BB-,BB-
QWE452M,60,Morningstar,66,Long Term,TSX,27-May-25,BBB,2025-05-27,Morningstar,BBB,BBB
QWE452M,60,Morningstar,66,Short Term,BSE,25-Sep-24,CCC,2024-09-25,Morningstar,CCC,CCC
QWE452M,60,Morningstar,66,Short Term,EUX,08-Nov-24,Ba2,2024-11-08,Morningstar,Ba2,BA2
QWE452M,60,Morningstar,66,Short Term,JPX,21-Mar-25,A1,2025-03-21,Morningstar,A1,A1
QWE452M,60,Morningstar,66,Short Term,NSE,10-Apr-25,A,2025-04-10,Morningstar,A,A
QWE452M,60,Morningstar,66,Short Term,NSE,03-May-25,Baa1,2025-05-03,Morningstar,Baa1,BAA1
QWE452M,60,Morningstar,66,Short Term,LSE,17-May-25,Baa1,2025-05-17,Morningstar,Baa1,BAA1
TXU882Z,80,CARE,88,Corporate Rating,BSE,22-Jul-24,BB-,2024-07-22,CARE,BB-,BB-
TXU882Z,80,CARE,88,Corporate Rating,LSE,10-Aug-24,A+,2024-08-10,CARE,A+,A
TXU882Z,80,CARE,88,Corporate Rating,TSX,24-Nov-24,AA+,2024-11-24,CARE,AA+,AA
TXU882Z,80,CARE,88,Issuer Rating,NSE,15-Sep-24,C,2024-09-15,CARE,C,C
TXU882Z,80,CARE,88,Issuer Rating,ASX,08-Oct-24,AA,2024-10-08,CARE,AA,AA
TXU882Z,80,CARE,88,Issuer Rating,JPX,19-Oct-24,B,2024-10-19,CARE,B,B
TXU882Z,80,CARE,88,Issuer Rating,BSE,23-Oct-24,Ba2,2024-10-23,CARE,Ba2,BA2
TXU882Z,80,CARE,88,Issuer Rating,LSE,05-Feb-25,C,2025-02-05,CARE,C,C
TXU882Z,80,CARE,88,Long Term,EUX,20-Jan-25,A2+,2025-01-20,CARE,A2+,A2+
TXU882Z,80,CARE,88,Short Term,ASX,03-Jun-24,A+,2024-06-03,CARE,A+,A
TXU882Z,80,CARE,88,Short Term,EUX,06-Jul-24,Ba2,2024-07-06,CARE,Ba2,BA2
TXU882Z,80,CARE,88,Short Term,LSE,06-Jul-24,CCC,2024-07-06,CARE,CCC,CCC
TXU882Z,80,CARE,88,Short Term,BSE,30-Apr-25,Ba3,2025-04-30,CARE,Ba3,BA3
TXU882Z,80,CARE,88,Short Term,TSX,20-May-25,B-,2025-05-20,CARE,B-,B-
TXU882Z,40,DBRS,44,Long Term,BSE,12-Jan-24,AA+,2024-01-12,DBRS,AA+,AA
TXU882Z,40,DBRS,44,Long Term,TYO,21-Feb-24,B-,2024-02-21,DBRS,B-,B-
TXU882Z,40,DBRS,44,Long Term,LON,31-Mar-24,BBB-,2024-03-31,DBRS,BBB-,BBB
TXU882Z,40,DBRS,44,Long Term,TYO,21-Apr-24,Caa1,2024-04-21,DBRS,Caa1,CAA1
TXU882Z,40,DBRS,44,Long Term,SGX,22-May-24,CCC,2024-05-22,DBRS,CCC,CCC
TXU882Z,40,DBRS,44,Long Term,NYC,04-Jun-24,B2,2024-06-04,DBRS,B2,B2
TXU882Z,40,DBRS,44,Long Term,BSE,01-Jul-24,A3,2024-07-01,DBRS,A3,A3
TXU882Z,40,DBRS,44,Long Term,TYO,04-Aug-24,BB+,2024-08-04,DBRS,BB+,BB+
TXU882Z,40,DBRS,44,Long Term,LON,12-Sep-24,Ba1,2024-09-12,DBRS,Ba1,BA1
TXU882Z,40,DBRS,44,Long Term,HKG,06-Oct-24,Aaa,2024-10-06,DBRS,Aaa,AAA
TXU882Z,40,DBRS,44,Long Term,NYC,01-Nov-24,C,2024-11-01,DBRS,C,C
TXU882Z,40,DBRS,44,Long Term,SGX,05-Dec-24,Aa3,2024-12-05,DBRS,Aa3,AA3
TXU882Z,40,DBRS,44,Short Term,SGX,08-Jan-24,BB+,2024-01-08,DBRS,BB+,BB+
TXU882Z,40,DBRS,44,Short Term,SGX,30-Jan-24,Baa1,2024-01-30,DBRS,Baa1,BAA1
TXU882Z,40,DBRS,44,Short Term,HKG,22-Jun-24,Ca,2024-06-22,DBRS,Ca,CA
TXU882Z,40,DBRS,44,Short Term,NYC,07-Oct-24,Aa1,2024-10-07,DBRS,Aa1,AA1
TXU882Z,40,DBRS,44,Short Term,BSE,29-Oct-24,Aa3,2024-10-29,DBRS,Aa3,AA3
TXU882Z,20,Fitch,12,Long Term,TYO,12-Jan-24,Aa3,2024-01-12,Fitch,Aa3,Aa3
TXU882Z,20,Fitch,12,Long Term,NYC,14-Jan-24,AA,2024-01-14,Fitch,AA,AA
TXU882Z,20,Fitch,12,Long Term,NSE,11-Feb-24,BBB+,2024-02-11,Fitch,BBB+,BBB
TXU882Z,20,Fitch,12,Long Term,BSE,21-Mar-24,Ba3,2024-03-21,Fitch,Ba3,Ba3
TXU882Z,20,Fitch,12,Long Term,HKG,24-Mar-24,BB-,2024-03-24,Fitch,BB-,BB
TXU882Z,20,Fitch,12,Long Term,NSE,20-Jun-24,BBB+,2024-06-20,Fitch,BBB+,BBB
TXU882Z,20,Fitch,12,Long Term,BSE,28-Jun-24,BBB+,2024-06-28,Fitch,BBB+,BBB
TXU882Z,20,Fitch,12,Long Term,NYC,04-Jul-24,C,2024-07-04,Fitch,C,C
TXU882Z,20,Fitch,12,Long Term,NSE,28-Aug-24,BBB-,2024-08-28,Fitch,BBB-,BBB
TXU882Z,20,Fitch,12,Long Term,LON,03-Nov-24,Ba2,2024-11-03,Fitch,Ba2,Ba2
TXU882Z,20,Fitch,12,Short Term,TYO,13-Jan-24,AA,2024-01-13,Fitch,AA,AA
TXU882Z,20,Fitch,12,Short Term,NYC,15-May-24,Ca,2024-05-15,Fitch,Ca,Ca
TXU882Z,20,Fitch,12,Short Term,LON,27-May-24,BBB+,2024-05-27,Fitch,BBB+,BBB
TXU882Z,20,Fitch,12,Short Term,LON,09-Jun-24,C,2024-06-09,Fitch,C,C
TXU882Z,20,Fitch,12,Short Term,TYO,16-Sep-24,BB,2024-09-16,Fitch,BB,BB
TXU882Z,20,Fitch,12,Short Term,NYC,25-Sep-24,BBB,2024-09-25,Fitch,BBB,BBB
TXU882Z,20,Fitch,12,Short Term,HKG,23-Nov-24,AAA,2024-11-23,Fitch,AAA,AAA
TXU882Z,20,Fitch,12,Short Term,NYC,03-Dec-24,B3,2024-12-03,Fitch,B3,B3
TXU882Z,70,ICRA,77,Corporate Rating,TSX,14-Jul-24,AA,2024-07-14,ICRA,AA,AA
TXU882Z,70,ICRA,77,Issuer Rating,TSX,12-Sep-24,BBB+,2024-09-12,ICRA,BBB+,BBB
TXU882Z,70,ICRA,77,Issuer Rating,JPX,31-May-25,BB-,2025-05-31,ICRA,BB-,BB-
TXU882Z,70,ICRA,77,Long Term,BSE,10-Jun-24,Caa1,2024-06-10,ICRA,Caa1,CAA1
TXU882Z,70,ICRA,77,Long Term,JPX,05-Nov-24,BB+,2024-11-05,ICRA,BB+,BB+
TXU882Z,70,ICRA,77,Long Term,ASX,14-Jan-25,C,2025-01-14,ICRA,C,C
TXU882Z,70,ICRA,77,Long Term,TSX,20-Feb-25,B+,2025-02-20,ICRA,B+,B+
TXU882Z,70,ICRA,77,Long Term,TSX,28-Feb-25,CCC+,2025-02-28,ICRA,CCC+,CCC+
TXU882Z,70,ICRA,77,Long Term,EUX,24-Mar-25,Baa1,2025-03-24,ICRA,Baa1,BAA1
TXU882Z,70,ICRA,77,Long Term,ASX,04-Apr-25,CC,2025-04-04,ICRA,CC,CC
TXU882Z,70,ICRA,77,Long Term,EUX,29-Apr-25,AA,2025-04-29,ICRA,AA,AA
TXU882Z,70,ICRA,77,Long Term,EUX,12-May-25,AA-,2025-05-12,ICRA,AA-,AA
TXU882Z,70,ICRA,77,Short Term,ASX,27-Sep-24,BB+,2024-09-27,ICRA,BB+,BB+
TXU882Z,70,ICRA,77,Short Term,LSE,10-Jan-25,B,2025-01-10,ICRA,B,B
TXU882Z,70,ICRA,77,Short Term,JPX,14-Jan-25,Caa2,2025-01-14,ICRA,Caa2,CAA2
TXU882Z,70,ICRA,77,Short Term,EUX,11-Apr-25,Baa2,2025-04-11,ICRA,Baa2,BAA2
TXU882Z,70,ICRA,77,Short Term,EUX,22-Apr-25,Caa1,2025-04-22,ICRA,Caa1,CAA1
TXU882Z,50,Kroll,55,Corporate Rating,BSE,22-Jun-24,CCC,2024-06-22,Kroll,CCC,CCC
TXU882Z,50,Kroll,55,Corporate Rating,TSX,18-Jul-24,B+,2024-07-18,Kroll,B+,B+
TXU882Z,50,Kroll,55,Corporate Rating,ASX,31-Jul-24,A2,2024-07-31,Kroll,A2,A2
TXU882Z,50,Kroll,55,Corporate Rating,LSE,13-Aug-24,B-,2024-08-13,Kroll,B-,B-
TXU882Z,50,Kroll,55,Issuer Rating,TSX,02-Jun-24,AA-,2024-06-02,Kroll,AA-,AA
TXU882Z,50,Kroll,55,Issuer Rating,BSE,18-Jul-24,BB,2024-07-18,Kroll,BB,BB
TXU882Z,50,Kroll,55,Issuer Rating,ASX,07-Sep-24,BB+,2024-09-07,Kroll,BB+,BB+
TXU882Z,50,Kroll,55,Issuer Rating,ASX,12-Sep-24,BBB,2024-09-12,Kroll,BBB,BBB
TXU882Z,50,Kroll,55,Issuer Rating,ASX,03-Oct-24,B+,2024-10-03,Kroll,B+,B+
TXU882Z,50,Kroll,55,Issuer Rating,ASX,08-Feb-25,CCC,2025-02-08,Kroll,CCC,CCC
TXU882Z,50,Kroll,55,Issuer Rating,BSE,12-Mar-25,BBB,2025-03-12,Kroll,BBB,BBB
TXU882Z,50,Kroll,55,Long Term,ASX,26-Jul-24,Ba1,2024-07-26,Kroll,Ba1,BA1
TXU882Z,50,Kroll,55,Long Term,ASX,20-Aug-24,B-,2024-08-20,Kroll,B-,B-
TXU882Z,50,Kroll,55,Long Term,LSE,01-Sep-24,Baa2,2024-09-01,Kroll,Baa2,BAA2
TXU882Z,50,Kroll,55,Long Term,TSX,01-Oct-24,A2+,2024-10-01,Kroll,A2+,A2+
TXU882Z,50,Kroll,55,Long Term,EUX,09-Nov-24,A,2024-11-09,Kroll,A,A
TXU882Z,50,Kroll,55,Long Term,BSE,19-Dec-24,C,2024-12-19,Kroll,C,C
TXU882Z,50,Kroll,55,Long Term,EUX,25-Feb-25,A1+,2025-02-25,Kroll,A1+,A1+
TXU882Z,50,Kroll,55,Short Term,BSE,08-Jul-24,B-,2024-07-08,Kroll,B-,B-
TXU882Z,50,Kroll,55,Short Term,NSE,25-Jul-24,B+,2024-07-25,Kroll,B+,B+
TXU882Z,50,Kroll,55,Short Term,EUX,12-Aug-24,BB,2024-08-12,Kroll,BB,BB
TXU882Z,50,Kroll,55,Short Term,ASX,21-Apr-25,Ca,2025-04-21,Kroll,Ca,CA
TXU882Z,10,Moodys,7,Long Term,NYC,27-Feb-24,BB,2024-02-27,Moody's,BB,BB
TXU882Z,10,Moodys,7,Long Term,NYC,20-Mar-24,Caa2,2024-03-20,Moody's,Caa2,Caa2
TXU882Z,10,Moodys,7,Long Term,SGX,27-Jul-24,B1,2024-07-27,Moody's,B1,B
TXU882Z,10,Moodys,7,Long Term,BSE,02-Oct-24,Caa2,2024-10-02,Moody's,Caa2,Caa2
TXU882Z,10,Moodys,7,Long Term,HKG,27-Oct-24,Aa3,2024-10-27,Moody's,Aa3,AA
TXU882Z,10,Moodys,7,Short Term,NYC,08-Jan-24,C,2024-01-08,Moody's,C,C
TXU882Z,10,Moodys,7,Short Term,HKG,31-Jan-24,CCC+,2024-01-31,Moody's,CCC+,CCC+
TXU882Z,10,Moodys,7,Short Term,LON,31-Jan-24,A-,2024-01-31,Moody's,A-,A-
TXU882Z,10,Moodys,7,Short Term,LON,12-Feb-24,CCC+,2024-02-12,Moody's,CCC+,CCC+
TXU882Z,10,Moodys,7,Short Term,NSE,05-May-24,C,2024-05-05,Moody's,C,C
TXU882Z,10,Moodys,7,Short Term,SGX,09-Jun-24,BB-,2024-06-09,Moody's,BB-,BB-
TXU882Z,10,Moodys,7,Short Term,TYO,28-Jun-24,BB+,2024-06-28,Moody's,BB+,BB+
TXU882Z,10,Moodys,7,Short Term,SGX,23-Jul-24,Aa1,2024-07-23,Moody's,Aa1,AA
TXU882Z,10,Moodys,7,Short Term,HKG,30-Jul-24,Baa3,2024-07-30,Moody's,Baa3,BBB
TXU882Z,10,Moodys,7,Short Term,HKG,29-Nov-24,Baa1,2024-11-29,Moody's,Baa1,BBB
TXU882Z,10,Moodys,7,Short Term,HKG,14-Dec-24,CC,2024-12-14,Moody's,CC,CC
TXU882Z,10,Moodys,7,Short Term,TYO,24-Dec-24,B3,2024-12-24,Moody's,B3,B
TXU882Z,10,Moodys,7,Short Term,NSE,25-Dec-24,AA-,2024-12-25,Moody's,AA-,AA-
TXU882Z,60,Morningstar,66,Corporate Rating,EUX,18-Jun-24,Baa3,2024-06-18,Morningstar,Baa3,BAA3
TXU882Z,60,Morningstar,66,Corporate Rating,TSX,08-Jul-24,B,2024-07-08,Morningstar,B,B
TXU882Z,60,Morningstar,66,Corporate Rating,TSX,17-Aug-24,Caa2,2024-08-17,Morningstar,Caa2,CAA2
TXU882Z,60,Morningstar,66,Corporate Rating,ASX,09-Feb-25,D,2025-02-09,Morningstar,D,D
TXU882Z,60,Morningstar,66,Corporate Rating,NSE,16-Feb-25,CCC,2025-02-16,Morningstar,CCC,CCC
TXU882Z,60,Morningstar,66,Issuer Rating,ASX,15-Jul-24,AAA,2024-07-15,Morningstar,AAA,AAA
TXU882Z,60,Morningstar,66,Issuer Rating,BSE,06-Sep-24,Ba2,2024-09-06,Morningstar,Ba2,BA2
TXU882Z,60,Morningstar,66,Issuer Rating,TSX,18-Sep-24,A2+,2024-09-18,Morningstar,A2+,A2+
TXU882Z,60,Morningstar,66,Issuer Rating,NSE,08-Oct-24,Caa2,2024-10-08,Morningstar,Caa2,CAA2
TXU882Z,60,Morningstar,66,Issuer Rating,NSE,18-Jan-25,Caa3,2025-01-18,Morningstar,Caa3,CAA3
TXU882Z,60,Morningstar,66,Long Term,JPX,23-Jun-24,Baa2,2024-06-23,Morningstar,Baa2,BAA2
TXU882Z,60,Morningstar,66,Long Term,JPX,21-Jul-24,Baa1,2024-07-21,Morningstar,Baa1,BAA1
TXU882Z,60,Morningstar,66,Short Term,BSE,04-Jul-24,Caa2,2024-07-04,Morningstar,Caa2,CAA2
TXU882Z,60,Morningstar,66,Short Term,BSE,13-Oct-24,A+,2024-10-13,Morningstar,A+,A
TXU882Z,60,Morningstar,66,Short Term,TSX,27-Nov-24,AA+,2024-11-27,Morningstar,AA+,AA
TXU882Z,60,Morningstar,66,Short Term,LSE,20-Jan-25,BBB,2025-01-20,Morningstar,BBB,BBB
TXU882Z,30,S&P,90,Long Term,BSE,27-Jan-24,Caa3,2024-01-27,S&P,Caa3,Caa3
TXU882Z,30,S&P,90,Long Term,NSE,23-Feb-24,A,2024-02-23,S&P,A,A
TXU882Z,30,S&P,90,Long Term,LON,13-Aug-24,Baa1,2024-08-13,S&P,Baa1,Baa1
TXU882Z,30,S&P,90,Long Term,LON,26-Aug-24,A3,2024-08-26,S&P,A3,A3
TXU882Z,30,S&P,90,Long Term,LON,15-Sep-24,AA-,2024-09-15,S&P,AA-,AA
TXU882Z,30,S&P,90,Long Term,NSE,12-Nov-24,A,2024-11-12,S&P,A,A
TXU882Z,30,S&P,90,Short Term,BSE,28-Feb-24,C,2024-02-28,S&P,C,C
TXU882Z,30,S&P,90,Short Term,LON,14-Mar-24,AA-,2024-03-14,S&P,AA-,AA
TXU882Z,30,S&P,90,Short Term,HKG,02-May-24,BB+,2024-05-02,S&P,BB+,BB+
TXU882Z,30,S&P,90,Short Term,BSE,17-May-24,Baa1,2024-05-17,S&P,Baa1,Baa1
TXU882Z,30,S&P,90,Short Term,TYO,18-Sep-24,Ba2,2024-09-18,S&P,Ba2,Ba2
TXU882Z,30,S&P,90,Short Term,LON,29-Sep-24,B2,2024-09-29,S&P,B2,B2
TXU882Z,30,S&P,90,Short Term,LON,23-Oct-24,Aa2,2024-10-23,S&P,Aa2,Aa2
TXU882Z,30,S&P,90,Short Term,NYC,25-Oct-24,B+,2024-10-25,S&P,B+,B+
TXU882Z,30,S&P,90,Short Term,NSE,02-Nov-24,A-,2024-11-02,S&P,A-,A
TXU882Z,30,S&P,90,Short Term,BSE,03-Dec-24,D,2024-12-03,S&P,D,D
UKS623JA,40,DBRS,44,Long Term,NSE,25-Oct-24,Ba1,2024-10-25,DBRS,Ba1,BA1
UKS623JA,40,DBRS,44,Long Term,NSE,02-Nov-24,AA+,2024-11-02,DBRS,AA+,AA
UKS623JA,40,DBRS,44,Long Term,BSE,26-Nov-24,AA-,2024-11-26,DBRS,AA-,AA
UKS623JA,40,DBRS,44,Long Term,LON,28-Nov-24,BB+,2024-11-28,DBRS,BB+,BB+
UKS623JA,40,DBRS,44,Long Term,SGX,22-Dec-24,A+,2024-12-22,DBRS,A+,A
UKS623JA,40,DBRS,44,Long Term,TYO,28-Dec-24,AA-,2024-12-28,DBRS,AA-,AA
UKS623JA,40,DBRS,44,Short Term,SGX,23-Jan-24,D,2024-01-23,DBRS,D,D
UKS623JA,40,DBRS,44,Short Term,TYO,06-May-24,B3,2024-05-06,DBRS,B3,B3
UKS623JA,40,DBRS,44,Short Term,SGX,14-Jul-24,B2,2024-07-14,DBRS,B2,B2
UKS623JA,40,DBRS,44,Short Term,NYC,02-Sep-24,A2,2024-09-02,DBRS,A2,A2
UKS623JA,20,Fitch,12,Long Term,LON,16-Jan-24,Ca,2024-01-16,Fitch,Ca,Ca
UKS623JA,20,Fitch,12,Long Term,LON,02-Mar-24,CCC,2024-03-02,Fitch,CCC,CCC
UKS623JA,20,Fitch,12,Long Term,NYC,11-Mar-24,BB+,2024-03-11,Fitch,BB+,BB
UKS623JA,20,Fitch,12,Long Term,HKG,30-Mar-24,Ca,2024-03-30,Fitch,Ca,Ca
UKS623JA,20,Fitch,12,Long Term,BSE,01-Jun-24,CCC,2024-06-01,Fitch,CCC,CCC
UKS623JA,20,Fitch,12,Long Term,NSE,03-Sep-24,Baa2,2024-09-03,Fitch,Baa2,Baa2
UKS623JA,20,Fitch,12,Long Term,HKG,12-Sep-24,BBB+,2024-09-12,Fitch,BBB+,BBB
UKS623JA,20,Fitch,12,Long Term,NSE,13-Sep-24,BBB,2024-09-13,Fitch,BBB,BBB
UKS623JA,20,Fitch,12,Long Term,TYO,02-Dec-24,A-,2024-12-02,Fitch,A-,A
UKS623JA,20,Fitch,12,Short Term,LON,28-Mar-24,B1,2024-03-28,Fitch,B1,B1
UKS623JA,20,Fitch,12,Short Term,NYC,17-Apr-24,A+,2024-04-17,Fitch,A+,A
UKS623JA,20,Fitch,12,Short Term,TYO,07-Jul-24,AA-,2024-07-07,Fitch,AA-,AA
UKS623JA,20,Fitch,12,Short Term,NYC,17-Jul-24,B+,2024-07-17,Fitch,B+,B+
UKS623JA,20,Fitch,12,Short Term,TYO,24-Aug-24,A,2024-08-24,Fitch,A,A
UKS623JA,20,Fitch,12,Short Term,LON,12-Sep-24,BBB+,2024-09-12,Fitch,BBB+,BBB
UKS623JA,20,Fitch,12,Short Term,LON,13-Oct-24,B+,2024-10-13,Fitch,B+,B+
UKS623JA,20,Fitch,12,Short Term,SGX,26-Nov-24,B+,2024-11-26,Fitch,B+,B+
UKS623JA,10,Moodys,7,Long Term,TYO,13-Mar-24,CCC,2024-03-13,Moody's,CCC,CCC
UKS623JA,10,Moodys,7,Long Term,NSE,02-Apr-24,A-,2024-04-02,Moody's,A-,A-
UKS623JA,10,Moodys,7,Long Term,NSE,19-Jun-24,B-,2024-06-19,Moody's,B-,B-
UKS623JA,10,Moodys,7,Long Term,NSE,06-Sep-24,B3,2024-09-06,Moody's,B3,B
UKS623JA,10,Moodys,7,Long Term,SGX,01-Dec-24,A+,2024-12-01,Moody's,A+,A+
UKS623JA,10,Moodys,7,Short Term,BSE,10-Mar-24,C,2024-03-10,Moody's,C,C
UKS623JA,10,Moodys,7,Short Term,HKG,13-Apr-24,CCC-,2024-04-13,Moody's,CCC-,CCC-
UKS623JA,10,Moodys,7,Short Term,BSE,28-Apr-24,D,2024-04-28,Moody's,D,D
UKS623JA,10,Moodys,7,Short Term,LON,15-Jun-24,Ba1,2024-06-15,Moody's,Ba1,BB
UKS623JA,10,Moodys,7,Short Term,NSE,28-Jun-24,C,2024-06-28,Moody's,C,C
UKS623JA,10,Moodys,7,Short Term,SGX,03-Jul-24,CC,2024-07-03,Moody's,CC,CC
UKS623JA,10,Moodys,7,Short Term,BSE,29-Sep-24,CCC-,2024-09-29,Moody's,CCC-,CCC-
UKS623JA,10,Moodys,7,Short Term,TYO,28-Nov-24,Ba3,2024-11-28,Moody's,Ba3,BB
UKS623JA,10,Moodys,7,Short Term,NSE,23-Dec-24,Caa2,2024-12-23,Moody's,Caa2,Caa2
UKS623JA,30,S&P,90,Long Term,NSE,22-Mar-24,A-,2024-03-22,S&P,A-,A
UKS623JA,30,S&P,90,Long Term,HKG,01-Jun-24,A,2024-06-01,S&P,A,A
UKS623JA,30,S&P,90,Long Term,SGX,06-Jun-24,Ba3,2024-06-06,S&P,Ba3,Ba3
UKS623JA,30,S&P,90,Long Term,BSE,15-Jun-24,Caa1,2024-06-15,S&P,Caa1,Caa1
UKS623JA,30,S&P,90,Long Term,BSE,12-Aug-24,Baa1,2024-08-12,S&P,Baa1,Baa1
UKS623JA,30,S&P,90,Long Term,TYO,11-Oct-24,AA-,2024-10-11,S&P,AA-,AA
UKS623JA,30,S&P,90,Long Term,SGX,18-Oct-24,Ba1,2024-10-18,S&P,Ba1,Ba1
UKS623JA,30,S&P,90,Long Term,SGX,25-Oct-24,AAA,2024-10-25,S&P,AAA,AAA
UKS623JA,30,S&P,90,Long Term,SGX,04-Nov-24,AA+,2024-11-04,S&P,AA+,AA
UKS623JA,30,S&P,90,Long Term,NSE,12-Nov-24,B-,2024-11-12,S&P,B-,B-
UKS623JA,30,S&P,90,Short Term,TYO,14-Feb-24,Aa2,2024-02-14,S&P,Aa2,Aa2
UKS623JA,30,S&P,90,Short Term,BSE,31-Mar-24,Baa2,2024-03-31,S&P,Baa2,Baa2
UKS623JA,30,S&P,90,Short Term,NSE,17-Jun-24,A3,2024-06-17,S&P,A3,A3
UKS623JA,30,S&P,90,Short Term,NSE,08-Jul-24,Caa3,2024-07-08,S&P,Caa3,Caa3
UKS623JA,30,S&P,90,Short Term,NSE,07-Nov-24,C,2024-11-07,S&P,C,C
UKS623JA,30,S&P,90,Short Term,NSE,17-Dec-24,BBB,2024-12-17,S&P,BBB,BBB
ZXC678V,80,CARE,88,Corporate Rating,LSE,06-Aug-24,D,2024-08-06,CARE,D,D
ZXC678V,80,CARE,88,Corporate Rating,TSX,05-Sep-24,AAA,2024-09-05,CARE,AAA,AAA
ZXC678V,80,CARE,88,Corporate Rating,BSE,29-Nov-24,B+,2024-11-29,CARE,B+,B+
ZXC678V,80,CARE,88,Corporate Rating,BSE,03-Jan-25,C,2025-01-03,CARE,C,C
ZXC678V,80,CARE,88,Issuer Rating,BSE,18-Jun-24,Ca,2024-06-18,CARE,Ca,CA
ZXC678V,80,CARE,88,Issuer Rating,NSE,24-Oct-24,Ca,2024-10-24,CARE,Ca,CA
ZXC678V,80,CARE,88,Issuer Rating,ASX,16-Dec-24,AA,2024-12-16,CARE,AA,AA
ZXC678V,80,CARE,88,Issuer Rating,JPX,08-Apr-25,BBB-,2025-04-08,CARE,BBB-,BBB
ZXC678V,80,CARE,88,Long Term,JPX,25-Jul-24,CC,2024-07-25,CARE,CC,CC
ZXC678V,80,CARE,88,Long Term,JPX,19-Aug-24,Caa2,2024-08-19,CARE,Caa2,CAA2
ZXC678V,80,CARE,88,Long Term,BSE,12-Sep-24,Caa3,2024-09-12,CARE,Caa3,CAA3
ZXC678V,80,CARE,88,Long Term,NSE,27-Sep-24,Baa1,2024-09-27,CARE,Baa1,BAA1
ZXC678V,80,CARE,88,Long Term,JPX,02-Dec-24,BBB,2024-12-02,CARE,BBB,BBB
ZXC678V,80,CARE,88,Long Term,EUX,02-Apr-25,A-,2025-04-02,CARE,A-,A
ZXC678V,80,CARE,88,Long Term,BSE,18-Apr-25,AAA,2025-04-18,CARE,AAA,AAA
ZXC678V,80,CARE,88,Long Term,LSE,22-Apr-25,BBB-,2025-04-22,CARE,BBB-,BBB
ZXC678V,80,CARE,88,Short Term,EUX,21-Jan-25,AA,2025-01-21,CARE,AA,AA
ZXC678V,80,CARE,88,Short Term,LSE,28-Jan-25,BB,2025-01-28,CARE,BB,BB
ZXC678V,70,ICRA,77,Corporate Rating,BSE,12-Jul-24,Ba3,2024-07-12,ICRA,Ba3,BA3
ZXC678V,70,ICRA,77,Corporate Rating,JPX,06-Oct-24,BB-,2024-10-06,ICRA,BB-,BB-
ZXC678V,70,ICRA,77,Corporate Rating,LSE,09-Feb-25,A3,2025-02-09,ICRA,A3,A3
ZXC678V,70,ICRA,77,Issuer Rating,BSE,12-Nov-24,BBB-,2024-11-12,ICRA,BBB-,BBB
ZXC678V,70,ICRA,77,Issuer Rating,LSE,22-Dec-24,B+,2024-12-22,ICRA,B+,B+
ZXC678V,70,ICRA,77,Issuer Rating,ASX,09-Jan-25,A-,2025-01-09,ICRA,A-,A
ZXC678V,70,ICRA,77,Issuer Rating,EUX,10-Feb-25,B+,2025-02-10,ICRA,B+,B+
ZXC678V,70,ICRA,77,Long Term,NSE,19-Jun-24,C,2024-06-19,ICRA,C,C
ZXC678V,70,ICRA,77,Long Term,LSE,29-Nov-24,AA+,2024-11-29,ICRA,AA+,AA
ZXC678V,70,ICRA,77,Long Term,ASX,30-May-25,Caa2,2025-05-30,ICRA,Caa2,CAA2
ZXC678V,70,ICRA,77,Short Term,BSE,16-Jun-24,B,2024-06-16,ICRA,B,B
ZXC678V,70,ICRA,77,Short Term,EUX,22-Aug-24,BB-,2024-08-22,ICRA,BB-,BB-
ZXC678V,70,ICRA,77,Short Term,JPX,17-Feb-25,A2+,2025-02-17,ICRA,A2+,A2+
ZXC678V,50,Kroll,55,Corporate Rating,LSE,12-Dec-24,A3,2024-12-12,Kroll,A3,A3
ZXC678V,50,Kroll,55,Corporate Rating,ASX,22-Dec-24,BB,2024-12-22,Kroll,BB,BB
ZXC678V,50,Kroll,55,Corporate Rating,EUX,25-Dec-24,BBB+,2024-12-25,Kroll,BBB+,BBB
ZXC678V,50,Kroll,55,Corporate Rating,TSX,20-Apr-25,Baa1,2025-04-20,Kroll,Baa1,BAA1
ZXC678V,50,Kroll,55,Issuer Rating,ASX,04-Sep-24,Caa3,2024-09-04,Kroll,Caa3,CAA3
ZXC678V,50,Kroll,55,Issuer Rating,EUX,23-Sep-24,B+,2024-09-23,Kroll,B+,B+
ZXC678V,50,Kroll,55,Issuer Rating,ASX,15-Jan-25,A3,2025-01-15,Kroll,A3,A3
ZXC678V,50,Kroll,55,Issuer Rating,JPX,16-Apr-25,Baa1,2025-04-16,Kroll,Baa1,BAA1
ZXC678V,50,Kroll,55,Long Term,JPX,27-Aug-24,CCC,2024-08-27,Kroll,CCC,CCC
ZXC678V,50,Kroll,55,Long Term,BSE,23-Nov-24,AA-,2024-11-23,Kroll,AA-,AA
ZXC678V,50,Kroll,55,Short Term,EUX,20-Jun-24,AAA,2024-06-20,Kroll,AAA,AAA
ZXC678V,50,Kroll,55,Short Term,LSE,12-Aug-24,AA+,2024-08-12,Kroll,AA+,AA
ZXC678V,50,Kroll,55,Short Term,LSE,07-Feb-25,AA-,2025-02-07,Kroll,AA-,AA
ZXC678V,60,Morningstar,66,Corporate Rating,TSX,08-Oct-24,CCC,2024-10-08,Morningstar,CCC,CCC
ZXC678V,60,Morningstar,66,Corporate Rating,JPX,20-Oct-24,CCC,2024-10-20,Morningstar,CCC,CCC
ZXC678V,60,Morningstar,66,Corporate Rating,NSE,02-Dec-24,A3,2024-12-02,Morningstar,A3,A3
ZXC678V,60,Morningstar,66,Issuer Rating,BSE,06-Jul-24,A-,2024-07-06,Morningstar,A-,A
ZXC678V,60,Morningstar,66,Issuer Rating,EUX,20-Jul-24,A,2024-07-20,Morningstar,A,A
ZXC678V,60,Morningstar,66,Issuer Rating,LSE,04-Aug-24,D,2024-08-04,Morningstar,D,D
ZXC678V,60,Morningstar,66,Issuer Rating,LSE,29-Sep-24,CCC-,2024-09-29,Morningstar,CCC-,CCC-
ZXC678V,60,Morningstar,66,Issuer Rating,EUX,09-Oct-24,BBB,2024-10-09,Morningstar,BBB,BBB
ZXC678V,60,Morningstar,66,Issuer Rating,EUX,06-Dec-24,A+,2024-12-06,Morningstar,A+,A
ZXC678V,60,Morningstar,66,Issuer Rating,NSE,12-Feb-25,Caa3,2025-02-12,Morningstar,Caa3,CAA3
ZXC678V,60,Morningstar,66,Issuer Rating,EUX,20-May-25,Ba2,2025-05-20,Morningstar,Ba2,BA2
ZXC678V,60,Morningstar,66,Long Term,EUX,27-Jul-24,CCC-,2024-07-27,Morningstar,CCC-,CCC-
ZXC678V,60,Morningstar,66,Long Term,ASX,29-Dec-24,AAA,2024-12-29,Morningstar,AAA,AAA
ZXC678V,60,Morningstar,66,Long Term,BSE,02-Feb-25,BBB+,2025-02-02,Morningstar,BBB+,BBB
ZXC678V,60,Morningstar,66,Long Term,LSE,15-Apr-25,BB+,2025-04-15,Morningstar,BB+,BB+
ZXC678V,60,Morningstar,66,Long Term,JPX,19-May-25,BB-,2025-05-19,Morningstar,BB-,BB-
ZXC678V,60,Morningstar,66,Short Term,BSE,28-Aug-24,Baa1,2024-08-28,Morningstar,Baa1,BAA1
ZXC678V,60,Morningstar,66,Short Term,ASX,25-Nov-24,AA,2024-11-25,Morningstar,AA,AA
ZXC678V,60,Morningstar,66,Short Term,JPX,08-Dec-24,Caa1,2024-12-08,Morningstar,Caa1,CAA1
ZXC678V,60,Morningstar,66,Short Term,TSX,30-Dec-24,A1,2024-12-30,Morningstar,A1,A1
