SecurityKey,VendorKey,RatingTypeKey,CurrentRating,PreviousRating,RatingStartDate,RatingEndDate,IsOutlier
1,1,1,BBB,,2014-02-13,2015-11-26,False
1,1,1,A,BBB,2015-11-27,,False
1,2,1,BBB,,2012-06-15,2015-03-05,False
1,2,1,BBB,BBB,2015-03-06,,False
1,3,1,BBB,,2016-10-24,,False
2,1,1,AA,,2014-05-13,2014-07-17,False
2,1,1,AA,AA,2014-07-18,2015-07-22,False
2,1,1,A,AA,2015-07-23,,False
3,1,1,AA,,2014-04-29,2015-04-20,False
3,1,1,AA,AA,2015-04-21,,False
3,4,1,A,,2016-02-16,,False
4,1,1,A,,2013-05-07,2014-06-04,False
4,1,1,A,A,2014-06-05,2015-05-31,False
4,1,1,A,A,2015-06-01,2015-11-02,False
4,1,1,BBB,A,2015-11-03,,False
5,1,1,A,,2014-10-17,,False
5,3,1,A,,2013-02-12,2013-07-03,False
5,3,1,A,A,2013-07-04,2016-03-20,False
5,3,1,A,A,2016-03-21,,False
5,4,1,A,,2012-06-15,,False
6,1,1,A,,2014-10-28,,False
6,3,1,BBB,,2016-10-24,,False
6,4,1,A,,2012-06-15,2012-11-27,False
6,4,1,A,A,2012-11-28,,False
7,1,1,A,,2013-06-10,2013-09-26,False
7,1,1,A,A,2013-09-27,2015-05-25,False
7,1,1,AA,A,2015-05-26,2015-09-21,False
7,1,1,AA,AA,2015-09-22,,False
7,4,1,BBB,,2012-06-15,2016-08-09,False
7,4,1,BBB,BBB,2016-08-10,,False
8,1,1,AA,,2014-04-28,2014-07-17,False
8,1,1,AA,AA,2014-07-18,2015-10-26,False
8,1,1,A,AA,2015-10-27,,False
8,4,1,A,,2012-06-15,,False
9,3,1,BB,,2013-10-25,2014-11-25,False
9,3,1,BB,BB,2014-11-26,2016-04-18,False
9,3,1,BB,BB,2016-04-19,2016-09-28,False
9,3,1,BB,BB,2016-09-29,,False
10,2,1,A,,2013-05-28,,False
10,3,1,BBB,,2011-04-27,2014-04-01,False
10,3,1,AA,BBB,2014-04-02,2014-09-03,False
10,3,1,A,AA,2014-09-04,2016-01-20,False
10,3,1,AA,A,2016-01-21,,False
10,4,1,BBB,,2012-06-15,,False
11,2,1,A,,2012-06-15,,False
12,1,1,CCC,,2013-06-17,2014-04-13,False
12,1,1,B,CCC,2014-04-14,2015-03-31,False
12,1,1,B,B,2015-04-01,2015-11-19,False
12,1,1,B,B,2015-11-20,,False
13,1,1,BBB,,2013-12-05,2015-05-14,False
13,1,1,A,BBB,2015-05-15,2015-09-13,False
13,1,1,A,A,2015-09-14,,False
14,1,1,BB,,2014-06-13,2014-08-28,False
14,1,1,BB,BB,2014-08-29,2015-08-13,False
14,1,1,BB,BB,2015-08-14,,False
14,4,1,BBB,,2012-06-15,2013-02-28,False
14,4,1,BBB,BBB,2013-03-01,,False
15,1,1,B,,2013-12-11,2015-08-27,False
15,1,1,B,B,2015-08-28,,False
15,3,1,BBB,,2011-11-13,2013-01-29,False
15,3,1,B,BBB,2013-01-30,2016-11-28,False
15,3,1,BB,B,2016-11-29,,False
16,1,1,BBB,,2013-11-04,2015-02-08,False
16,1,1,BBB,BBB,2015-02-09,2015-11-11,False
16,1,1,BBB,BBB,2015-11-12,,False
16,2,1,BBB,,2016-10-31,,False
16,4,1,BB,,2012-06-15,2013-03-14,False
16,4,1,BBB,BB,2013-03-15,,False
17,1,1,AA,,2014-05-14,2015-10-04,False
17,1,1,AA,AA,2015-10-05,,False
17,2,1,AA,,2016-10-05,,False
18,1,1,BBB,,2014-05-07,2015-04-28,False
18,1,1,A,BBB,2015-04-29,2015-07-26,False
18,1,1,BBB,A,2015-07-27,,False
18,4,1,BBB,,2012-06-15,2012-12-13,False
18,4,1,BBB,BBB,2012-12-14,,False
19,1,1,A,,2013-09-23,2015-11-11,False
19,1,1,A,A,2015-11-12,,False
19,4,1,A,,2012-06-19,2014-12-01,False
19,4,1,A,A,2014-12-02,2016-11-03,False
19,4,1,A,A,2016-11-04,,False
20,1,1,AA,,2014-06-06,2014-11-25,False
20,1,1,A,AA,2014-11-26,2015-12-03,False
20,1,1,A,A,2015-12-04,,False
21,1,1,A,,2013-08-29,2015-05-17,False
21,1,1,A,A,2015-05-18,2015-11-15,False
21,1,1,AA,A,2015-11-16,,False
21,3,1,BBB,,2016-07-21,,False
21,4,1,BBB,,2012-06-15,2012-11-26,False
21,4,1,BBB,BBB,2012-11-27,,False
22,1,1,BBB,,2014-02-21,2014-08-18,False
22,1,1,BBB,BBB,2014-08-19,2015-11-08,False
22,1,1,BBB,BBB,2015-11-09,,False
22,4,1,BB,,2012-06-15,2013-04-21,False
22,4,1,BBB,BB,2013-04-22,,False
23,1,1,B,,2014-12-03,2015-12-21,False
23,1,1,B,B,2015-12-22,,False
24,1,1,BBB,,2013-05-30,2014-06-26,False
24,1,1,BBB,BBB,2014-06-27,2014-12-11,False
24,1,1,BBB,BBB,2014-12-12,2015-09-08,False
24,1,1,BBB,BBB,2015-09-09,,False
24,4,1,BB,,2012-06-15,,False
25,4,1,A,,2012-06-15,2013-02-13,False
25,4,1,A,A,2013-02-14,2015-05-17,False
25,4,1,A,A,2015-05-18,,False
26,1,1,A,,2014-12-10,2015-11-12,False
26,1,1,BB,A,2015-11-13,,False
26,4,1,BBB,,2012-06-15,2012-10-23,False
26,4,1,BBB,BBB,2012-10-24,2013-07-30,False
26,4,1,BBB,BBB,2013-07-31,,False
27,3,1,BB,,2015-11-12,2016-08-23,False
27,3,1,D,BB,2016-08-24,,False
27,4,1,BB,,2014-09-04,,False
28,1,1,BB,,2013-04-16,2014-05-13,False
28,1,1,BB,BB,2014-05-14,2014-10-28,False
28,1,1,BB,BB,2014-10-29,2015-10-27,False
28,1,1,BB,BB,2015-10-28,,False
28,3,1,BBB,,2016-10-20,,False
29,1,1,BBB,,2013-03-22,2013-11-25,False
29,1,1,A,BBB,2013-11-26,2014-11-13,False
29,1,1,A,A,2014-11-14,2015-07-26,False
29,1,1,A,A,2015-07-27,,False
30,4,1,BB,,2016-12-02,,False
31,1,1,BBB,,2014-02-24,2015-05-12,False
31,1,1,BBB,BBB,2015-05-13,2015-12-01,False
31,1,1,BBB,BBB,2015-12-02,,False
31,3,1,BBB,,2012-06-21,,False
31,4,1,BBB,,2012-07-06,2016-09-05,False
31,4,1,BBB,BBB,2016-09-06,,False
32,1,1,A,,2015-08-31,,False
32,3,1,BBB,,2013-03-29,2014-05-13,False
32,3,1,BBB,BBB,2014-05-14,2016-10-30,False
32,3,1,BBB,BBB,2016-10-31,,False
32,4,1,A,,2014-11-12,,False
33,1,1,A,,2013-08-09,2014-07-27,False
33,1,1,A,A,2014-07-28,2015-10-26,False
33,1,1,A,A,2015-10-27,,False
33,4,1,BBB,,2012-06-15,2012-12-09,False
33,4,1,BBB,BBB,2012-12-10,,False
34,1,1,AA,,2013-09-24,2014-11-25,False
34,1,1,AA,AA,2014-11-26,,False
34,3,1,AA,,2016-04-26,,False
35,3,1,A,,2016-11-14,,False
35,4,1,A,,2015-05-13,,False
36,1,1,A,,2013-07-17,2015-10-13,False
36,1,1,A,A,2015-10-14,,False
36,3,1,BBB,,2011-04-28,,False
36,4,1,BBB,,2012-06-15,2012-10-16,False
36,4,1,BBB,BBB,2012-10-17,2014-09-08,False
36,4,1,BBB,BBB,2014-09-09,2016-10-13,False
36,4,1,BBB,BBB,2016-10-14,,False
37,1,1,AA,,2013-08-26,2015-01-15,False
37,1,1,A,AA,2015-01-16,,False
37,4,1,A,,2012-06-15,2015-11-04,False
37,4,1,A,A,2015-11-05,,False
38,1,1,BBB,,2013-07-01,2015-01-15,False
38,1,1,BB,BBB,2015-01-16,2015-12-09,False
38,1,1,BBB,BB,2015-12-10,,False
39,1,1,BB,,2014-05-12,2015-03-18,False
39,1,1,BBB,BB,2015-03-19,2015-11-30,False
39,1,1,BBB,BBB,2015-12-01,,False
39,4,1,BBB,,2012-06-15,2012-08-19,False
39,4,1,BBB,BBB,2012-08-20,,False
40,1,1,A,,2013-09-11,2015-05-06,False
40,1,1,BBB,A,2015-05-07,2015-08-13,False
40,1,1,BB,BBB,2015-08-14,,False
40,4,1,BB,,2016-09-19,,False
41,4,1,B,,2013-12-09,2015-12-01,False
41,4,1,B,B,2015-12-02,,False
42,4,1,A,,2012-06-15,2012-10-16,False
42,4,1,A,A,2012-10-17,2014-12-02,False
42,4,1,A,A,2014-12-03,2015-07-19,False
42,4,1,A,A,2015-07-20,,False
43,1,1,A,,2013-03-04,2013-11-26,False
43,1,1,A,A,2013-11-27,2015-06-03,False
43,1,1,A,A,2015-06-04,2015-10-29,False
43,1,1,A,A,2015-10-30,,False
44,2,1,AA,,2012-06-15,,False
44,5,1,AA,,2005-08-16,,False
45,1,1,A,,2013-08-20,2015-02-09,False
45,1,1,A,A,2015-02-10,2015-08-04,False
45,1,1,BBB,A,2015-08-05,,False
45,4,1,A,,2012-06-15,2016-08-09,False
45,4,1,BBB,A,2016-08-10,,False
46,1,1,CCC,,2013-12-16,2014-07-08,False
46,1,1,B,CCC,2014-07-09,2015-09-16,False
46,1,1,B,B,2015-09-17,,False
46,2,1,BB,,2012-06-15,2012-08-05,False
46,2,1,CC,BB,2012-08-06,,False
47,3,1,BB,,2011-06-01,2011-08-11,False
47,3,1,BB,BB,2011-08-12,2013-12-09,False
47,3,1,BB,BB,2013-12-10,,False
47,4,1,B,,2015-06-08,2016-06-07,False
47,4,1,BBB,B,2016-06-08,,False
48,3,1,BBB,,2015-04-09,,False
48,4,1,BBB,,2013-05-09,2013-11-04,False
48,4,1,BBB,BBB,2013-11-05,,False
49,1,1,A,,2014-06-13,2015-06-02,False
49,1,1,A,A,2015-06-03,2015-11-29,False
49,1,1,A,A,2015-11-30,,False
49,4,1,BBB,,2012-06-15,,False
50,1,1,A,,2013-05-01,2014-06-02,False
50,1,1,AA,A,2014-06-03,2014-11-16,False
50,1,1,AA,AA,2014-11-17,2015-11-08,False
50,1,1,BBB,AA,2015-11-09,,False
50,4,1,A,,2012-06-15,,False
51,1,1,BB,,2013-08-23,2014-08-26,False
51,1,1,BB,BB,2014-08-27,,False
51,3,1,BB,,2016-02-09,,False
51,4,1,B,,2012-06-15,2013-01-21,False
51,4,1,B,B,2013-01-22,,False
52,1,1,A,,2015-11-10,,False
53,1,1,A,,2014-06-04,2015-01-19,False
53,1,1,A,A,2015-01-20,2015-09-23,False
53,1,1,A,A,2015-09-24,,False
53,4,1,BBB,,2012-06-15,2013-05-05,False
53,4,1,BBB,BBB,2013-05-06,2016-11-28,False
53,4,1,A,BBB,2016-11-29,,False
54,1,1,BB,,2015-10-14,,False
55,1,1,AA,,2013-12-19,2014-09-15,False
55,1,1,AA,AA,2014-09-16,2015-10-28,False
55,1,1,A,AA,2015-10-29,,False
55,4,1,A,,2012-06-15,,False
56,1,1,BBB,,2014-05-28,2014-11-17,False
56,1,1,BBB,BBB,2014-11-18,2015-09-16,False
56,1,1,BBB,BBB,2015-09-17,,False
56,3,1,BBB,,2010-09-30,2012-11-26,False
56,3,1,BBB,BBB,2012-11-27,2016-10-13,False
56,3,1,BBB,BBB,2016-10-14,,False
56,4,1,BBB,,2012-06-15,,False
57,1,1,A,,2014-04-07,2015-03-03,False
57,1,1,A,A,2015-03-04,,False
57,3,1,A,,2016-02-01,,False
57,4,1,A,,2012-06-15,,False
58,1,1,BBB,,2015-08-06,,False
59,3,1,AAA,,2013-12-04,2014-08-19,False
59,3,1,AAA,AAA,2014-08-20,2015-08-17,False
59,3,1,AAA,AAA,2015-08-18,2016-08-14,False
59,3,1,AAA,AAA,2016-08-15,,False
59,4,1,AAA,,2013-05-01,,False
60,1,1,BBB,,2014-06-11,,False
60,3,1,BBB,,2015-09-28,,False
60,4,1,BB,,2014-11-04,,False
61,2,1,BB,,2012-06-15,2012-07-18,False
61,2,1,BB,BB,2012-07-19,,False
61,3,1,BB,,2014-10-30,2016-10-06,False
61,3,1,BB,BB,2016-10-07,,False
61,4,1,BB,,2014-05-20,2016-06-08,False
61,4,1,BB,BB,2016-06-09,,False
62,3,1,A,,2016-10-13,,False
63,3,1,BBB,,2014-10-14,2016-01-20,False
63,3,1,BBB,BBB,2016-01-21,,False
63,4,1,BB,,2012-06-15,2013-05-28,False
63,4,1,BBB,BB,2013-05-29,2013-08-07,False
63,4,1,BBB,BBB,2013-08-08,,False
64,1,1,A,,2013-12-05,2015-05-26,False
64,1,1,A,A,2015-05-27,2015-11-30,False
64,1,1,A,A,2015-12-01,,False
64,4,1,BBB,,2012-06-15,2012-09-17,False
64,4,1,BBB,BBB,2012-09-18,,False
65,3,1,B,,2016-06-16,,False
65,4,1,B,,2014-06-16,2015-05-31,False
65,4,1,B,B,2015-06-01,,False
66,3,1,BB,,2014-03-25,2015-03-22,False
66,3,1,BB,BB,2015-03-23,2016-03-14,False
66,3,1,BB,BB,2016-03-15,,False
66,4,1,B,,2012-06-15,,False
67,1,1,BBB,,2013-08-22,2015-07-29,False
67,1,1,BBB,BBB,2015-07-30,,False
67,3,1,A,,2011-03-24,2013-02-21,False
67,3,1,A,A,2013-02-22,2015-03-30,False
67,3,1,A,A,2015-03-31,,False
67,4,1,A,,2012-06-15,,False
68,1,1,BBB,,2014-03-20,2014-07-27,False
68,1,1,BBB,BBB,2014-07-28,,False
68,3,1,BBB,,2011-03-03,2013-03-21,False
68,3,1,BBB,BBB,2013-03-22,2016-04-21,False
68,3,1,BBB,BBB,2016-04-22,,False
68,4,1,BBB,,2012-06-15,2016-12-01,False
68,4,1,BB,BBB,2016-12-02,,False
69,3,1,B,,2012-05-14,2013-05-22,False
69,3,1,B,B,2013-05-23,,False
70,1,1,A,,2013-11-05,2014-11-11,False
70,1,1,A,A,2014-11-12,2015-08-10,False
70,1,1,A,A,2015-08-11,,False
70,3,1,A,,2011-01-25,2012-11-13,False
70,3,1,A,A,2012-11-14,,False
70,4,1,A,,2012-06-15,,False
71,3,1,A,,2014-07-18,,False
71,4,1,BBB,,2016-11-14,,False
72,1,1,BBB,,2014-05-12,2015-08-04,False
72,1,1,BBB,BBB,2015-08-05,,False
72,4,1,BBB,,2013-04-03,,False
73,1,1,A,,2014-02-14,2014-11-25,False
73,1,1,A,A,2014-11-26,2015-11-08,False
73,1,1,A,A,2015-11-09,,False
73,4,1,BBB,,2012-06-15,,False
74,1,1,AA,,2013-08-14,2015-02-26,False
74,1,1,A,AA,2015-02-27,,False
74,4,1,A,,2012-06-15,,False
75,1,1,BBB,,2013-08-13,2014-09-17,False
75,1,1,A,BBB,2014-09-18,2015-07-06,False
75,1,1,A,A,2015-07-07,,False
75,2,1,BBB,,2012-06-15,,False
76,1,1,BB,,2013-05-09,2014-03-30,False
76,1,1,BB,BB,2014-03-31,2015-05-25,False
76,1,1,BB,BB,2015-05-26,,False
76,4,1,BBB,,2012-06-15,2015-10-18,False
76,4,1,BB,BBB,2015-10-19,2016-07-04,False
76,4,1,CCC,BB,2016-07-05,,False
77,1,1,BBB,,2014-05-16,2014-07-22,False
77,1,1,BBB,BBB,2014-07-23,2015-10-21,False
77,1,1,A,BBB,2015-10-22,,False
77,2,1,A,,2012-06-15,2013-03-04,False
77,2,1,A,A,2013-03-05,2016-10-25,False
77,2,1,A,A,2016-10-26,,False
78,1,1,A,,2013-12-18,2014-12-02,False
78,1,1,A,A,2014-12-03,2015-09-09,False
78,1,1,A,A,2015-09-10,,False
78,4,1,BBB,,2016-08-17,,False
79,1,1,A,,2013-09-26,2014-11-17,False
79,1,1,A,A,2014-11-18,2015-08-05,False
79,1,1,A,A,2015-08-06,,False
80,4,1,BBB,,2015-11-09,,False
81,1,1,BBB,,2013-05-23,2014-03-27,False
81,1,1,A,BBB,2014-03-28,2014-11-05,False
81,1,1,A,A,2014-11-06,2015-09-16,False
81,1,1,A,A,2015-09-17,,False
81,3,1,BBB,,2011-06-21,2012-03-05,False
81,3,1,BB,BBB,2012-03-06,,False
81,4,1,A,,2016-08-24,,False
82,1,1,A,,2014-03-18,2014-07-31,False
82,1,1,AA,A,2014-08-01,2015-10-27,False
82,1,1,AA,AA,2015-10-28,,False
82,4,1,BBB,,2012-06-15,2013-02-07,False
82,4,1,BBB,BBB,2013-02-08,2016-10-24,False
82,4,1,BBB,BBB,2016-10-25,,False
83,1,1,BBB,,2014-05-07,2015-05-06,False
83,1,1,BBB,BBB,2015-05-07,,False
83,4,1,BBB,,2013-03-13,2016-02-28,False
83,4,1,B,BBB,2016-02-29,2016-12-12,False
83,4,1,B,B,2016-12-13,,False
84,3,1,BB,,2014-01-31,2015-06-24,False
84,3,1,BB,BB,2015-06-25,2016-04-10,False
84,3,1,BB,BB,2016-04-11,,False
85,4,1,BBB,,2016-06-10,,False
86,1,1,BB,,2014-01-28,2015-02-19,False
86,1,1,BBB,BB,2015-02-20,2015-12-20,False
86,1,1,BBB,BBB,2015-12-21,,False
87,2,1,BB,,2012-06-15,2015-02-17,False
87,2,1,BB,BB,2015-02-18,,False
87,4,1,BB,,2016-03-10,,False
88,1,1,BBB,,2014-08-12,,False
88,3,1,BB,,2016-05-31,,False
89,4,1,BBB,,2012-06-15,2013-04-29,False
89,4,1,BBB,BBB,2013-04-30,2013-10-27,False
89,4,1,BBB,BBB,2013-10-28,2014-11-09,False
89,4,1,BBB,BBB,2014-11-10,2016-03-08,False
89,4,1,A,BBB,2016-03-09,2016-09-12,False
89,4,1,A,A,2016-09-13,,False
90,1,1,BBB,,2015-04-23,,False
90,2,1,BBB,,2016-02-18,,False
90,3,1,A,,2013-09-13,2016-08-09,False
90,3,1,A,A,2016-08-10,,False
90,4,1,BBB,,2012-09-10,,False
91,1,1,BBB,,2013-11-01,2015-03-08,False
91,1,1,BBB,BBB,2015-03-09,2015-12-21,False
91,1,1,BB,BBB,2015-12-22,,False
91,3,1,BBB,,2011-04-11,,False
91,4,1,BBB,,2012-06-15,2013-03-20,False
91,4,1,BBB,BBB,2013-03-21,,False
92,1,1,A,,2014-04-07,2015-01-04,False
92,1,1,A,A,2015-01-05,2015-09-24,False
92,1,1,A,A,2015-09-25,,False
92,3,1,A,,2011-04-27,2013-04-28,False
92,3,1,A,A,2013-04-29,,False
92,4,1,A,,2012-06-15,,False
93,1,1,A,,2013-06-21,2014-03-19,False
93,1,1,A,A,2014-03-20,2015-03-16,False
93,1,1,A,A,2015-03-17,2015-09-28,False
93,1,1,A,A,2015-09-29,,False
94,1,1,BBB,,2013-03-12,2014-03-20,False
94,1,1,BBB,BBB,2014-03-21,2014-12-09,False
94,1,1,BBB,BBB,2014-12-10,2015-11-16,False
94,1,1,B,BBB,2015-11-17,,False
94,2,1,BB,,2012-06-15,,False
94,3,1,B,,2011-04-08,2016-09-28,False
94,3,1,B,B,2016-09-29,,False
95,1,1,AA,,2013-08-12,2015-02-10,False
95,1,1,AA,AA,2015-02-11,2015-08-10,False
95,1,1,AA,AA,2015-08-11,,False
95,2,1,AA,,2012-06-15,,False
96,1,1,BBB,,2014-01-13,2014-10-07,False
96,1,1,BBB,BBB,2014-10-08,2015-12-21,False
96,1,1,BBB,BBB,2015-12-22,,False
96,3,1,BB,,2010-11-03,2012-04-04,False
96,3,1,BB,BB,2012-04-05,2012-12-09,False
96,3,1,BBB,BB,2012-12-10,2016-09-26,False
96,3,1,BBB,BBB,2016-09-27,,False
97,3,1,BBB,,2015-06-12,2016-05-31,False
97,3,1,BBB,BBB,2016-06-01,2016-09-27,False
97,3,1,BBB,BBB,2016-09-28,,False
98,3,1,B,,2015-01-28,,False
99,1,1,A,,2013-08-05,2015-05-07,False
99,1,1,A,A,2015-05-08,2015-08-11,False
99,1,1,A,A,2015-08-12,,False
99,4,1,A,,2012-06-15,,False
100,1,1,BB,,2013-05-31,2013-11-19,False
100,1,1,BB,BB,2013-11-20,2014-08-26,False
100,1,1,BB,BB,2014-08-27,2015-09-09,False
100,1,1,BB,BB,2015-09-10,,False
100,3,1,BBB,,2011-04-04,,False
100,4,1,BBB,,2012-06-15,,False
100,5,1,BBB,,2016-08-08,,False
101,1,1,A,,2013-11-12,2015-04-30,False
101,1,1,A,A,2015-05-01,2015-07-22,False
101,1,1,A,A,2015-07-23,,False
101,3,1,BBB,,2012-05-25,2016-07-24,False
101,3,1,BBB,BBB,2016-07-25,,False
101,4,1,BBB,,2013-03-06,,False
102,1,1,BBB,,2014-01-06,2015-09-23,False
102,1,1,BBB,BBB,2015-09-24,,False
102,2,1,BBB,,2013-02-08,,False
103,3,1,BBB,,2016-11-15,,False
103,4,1,BBB,,2016-05-31,,False
104,1,1,A,,2014-05-19,2015-02-17,False
104,1,1,A,A,2015-02-18,2015-07-26,False
104,1,1,A,A,2015-07-27,,False
105,1,1,AA,,2014-07-03,,False
105,3,1,A,,2011-05-31,2012-05-23,False
105,3,1,A,A,2012-05-24,2013-05-23,False
105,3,1,A,A,2013-05-24,2014-06-05,False
105,3,1,A,A,2014-06-06,2016-06-27,False
105,3,1,A,A,2016-06-28,2016-11-30,False
105,3,1,A,A,2016-12-01,,False
106,3,1,BBB,,2016-03-10,,False
107,2,1,A,,2014-09-22,2016-01-31,False
107,2,1,BBB,A,2016-02-01,,False
107,3,1,BBB,,2016-08-23,,False
108,1,1,A,,2014-05-07,2015-04-20,False
108,1,1,A,A,2015-04-21,2015-10-20,False
108,1,1,A,A,2015-10-21,,False
108,2,1,BBB,,2012-06-15,,False
109,1,1,BBB,,2013-12-11,2014-11-12,False
109,1,1,A,BBB,2014-11-13,,False
109,2,1,BBB,,2016-03-25,,False
109,3,1,BBB,,2011-04-28,2011-11-17,False
109,3,1,BBB,BBB,2011-11-18,2012-08-23,False
109,3,1,BBB,BBB,2012-08-24,2016-07-24,False
109,3,1,BBB,BBB,2016-07-25,,False
110,1,1,A,,2013-11-11,2014-08-04,False
110,1,1,A,A,2014-08-05,2015-09-17,False
110,1,1,BBB,A,2015-09-18,,False
110,4,1,BBB,,2012-06-15,,False
111,1,1,A,,2014-01-24,2014-07-31,False
111,1,1,A,A,2014-08-01,2015-09-15,False
111,1,1,A,A,2015-09-16,,False
111,3,1,BBB,,2012-08-03,2016-09-15,False
111,3,1,BBB,BBB,2016-09-16,,False
111,4,1,BBB,,2012-06-15,,False
112,3,1,BBB,,2011-11-10,2012-07-30,False
112,3,1,BBB,BBB,2012-07-31,2013-09-12,False
112,3,1,BBB,BBB,2013-09-13,2016-05-24,False
112,3,1,BBB,BBB,2016-05-25,2016-12-13,False
112,3,1,BB,BBB,2016-12-14,,False
112,4,1,BBB,,2015-01-28,,False
113,1,1,A,,2014-11-25,,False
113,2,1,A,,2012-07-04,,False
113,3,1,A,,2012-01-17,2013-07-15,False
113,3,1,A,A,2013-07-16,2016-01-31,False
113,3,1,A,A,2016-02-01,,False
113,4,1,BBB,,2016-09-14,,False
114,4,1,B,,2012-06-15,2012-10-17,False
114,4,1,B,B,2012-10-18,2015-06-25,False
114,4,1,BB,B,2015-06-26,2016-02-25,False
114,4,1,BB,BB,2016-02-26,2016-07-20,False
114,4,1,BB,BB,2016-07-21,,False
115,1,1,B,,2014-01-03,2015-04-12,False
115,1,1,B,B,2015-04-13,,False
115,3,1,CCC,,2015-10-28,2016-12-12,False
115,3,1,B,CCC,2016-12-13,,False
115,4,1,CCC,,2013-02-27,,False
116,1,1,A,,2013-05-01,2013-08-22,False
116,1,1,A,A,2013-08-23,2014-12-07,False
116,1,1,A,A,2014-12-08,2015-09-20,False
116,1,1,A,A,2015-09-21,,False
117,1,1,BB,,2013-09-06,2015-02-11,False
117,1,1,BB,BB,2015-02-12,2015-08-23,False
117,1,1,BB,BB,2015-08-24,,False
117,4,1,BBB,,2012-06-15,2016-10-10,False
117,4,1,BBB,BBB,2016-10-11,,False
118,1,1,B,,2013-12-26,,False
118,3,1,CCC,,2010-08-03,2011-11-03,False
118,3,1,BB,CCC,2011-11-04,2013-06-25,False
118,3,1,CCC,BB,2013-06-26,2014-09-23,False
118,3,1,CCC,CCC,2014-09-24,2016-11-15,False
118,3,1,B,CCC,2016-11-16,,False
118,4,1,CCC,,2016-05-20,,False
119,1,1,BB,,2013-09-25,2015-02-19,False
119,1,1,BB,BB,2015-02-20,2015-11-12,False
119,1,1,BB,BB,2015-11-13,,False
119,4,1,B,,2012-06-15,2012-08-13,False
119,4,1,B,B,2012-08-14,,False
120,1,1,BBB,,2014-02-24,2014-12-21,False
120,1,1,BBB,BBB,2014-12-22,2015-08-31,False
120,1,1,BBB,BBB,2015-09-01,,False
121,1,1,B,,2015-06-29,2015-09-27,False
121,1,1,B,B,2015-09-28,,False
121,3,1,BB,,2011-05-26,2013-11-05,False
121,3,1,BB,BB,2013-11-06,,False
122,1,1,AA,,2014-05-27,2014-11-09,False
122,1,1,AA,AA,2014-11-10,2015-11-03,False
122,1,1,AA,AA,2015-11-04,,False
122,2,1,A,,2012-10-12,,False
122,3,1,BBB,,2011-06-21,2011-09-20,False
122,3,1,A,BBB,2011-09-21,,False
123,3,1,BB,,2015-03-31,2016-07-31,False
123,3,1,BB,BB,2016-08-01,,False
123,4,1,BB,,2012-06-15,2013-12-11,False
123,4,1,BB,BB,2013-12-12,2015-08-09,False
123,4,1,BB,BB,2015-08-10,,False
124,1,1,A,,2013-06-19,2014-01-16,False
124,1,1,A,A,2014-01-17,2015-06-17,False
124,1,1,AA,A,2015-06-18,2015-09-29,False
124,1,1,AA,AA,2015-09-30,,False
125,1,1,BBB,,2014-03-31,2015-06-14,False
125,1,1,A,BBB,2015-06-15,2015-12-03,False
125,1,1,A,A,2015-12-04,,False
125,4,1,BBB,,2012-06-15,2016-09-06,False
125,4,1,BBB,BBB,2016-09-07,,False
126,1,1,BBB,,2014-02-14,2014-08-05,False
126,1,1,BBB,BBB,2014-08-06,2015-10-25,False
126,1,1,BBB,BBB,2015-10-26,,False
126,3,1,BBB,,2010-12-20,2016-11-27,False
126,3,1,BBB,BBB,2016-11-28,,False
126,4,1,BBB,,2012-06-15,2013-02-20,False
126,4,1,BBB,BBB,2013-02-21,,False
127,1,1,AA,,2014-07-15,,False
127,4,1,AAA,,2013-12-02,,False
128,1,1,BBB,,2013-11-04,2014-08-04,False
128,1,1,BBB,BBB,2014-08-05,2015-11-09,False
128,1,1,BBB,BBB,2015-11-10,,False
128,4,1,BBB,,2012-06-15,2016-08-01,False
128,4,1,BBB,BBB,2016-08-02,,False
129,1,1,A,,2014-06-12,2015-04-22,False
129,1,1,A,A,2015-04-23,2015-07-22,False
129,1,1,A,A,2015-07-23,,False
129,2,1,A,,2012-06-15,,False
129,4,1,A,,2016-11-02,,False
130,1,1,BBB,,2014-01-27,2015-02-12,False
130,1,1,BBB,BBB,2015-02-13,2015-10-22,False
130,1,1,BBB,BBB,2015-10-23,,False
130,3,1,A,,2012-08-20,2016-10-20,False
130,3,1,A,A,2016-10-21,,False
130,4,1,A,,2012-06-15,,False
131,1,1,AAA,,2014-02-11,2014-11-02,False
131,1,1,AA,AAA,2014-11-03,2015-08-23,False
131,1,1,AA,AA,2015-08-24,,False
131,4,1,BBB,,2012-06-15,2013-03-12,False
131,4,1,BBB,BBB,2013-03-13,2016-08-01,False
131,4,1,A,BBB,2016-08-02,,False
132,1,1,BBB,,2013-11-04,2014-10-30,False
132,1,1,BBB,BBB,2014-10-31,2015-08-09,False
132,1,1,BBB,BBB,2015-08-10,,False
133,1,1,BB,,2014-01-07,2014-12-04,False
133,1,1,BBB,BB,2014-12-05,2015-11-29,False
133,1,1,BBB,BBB,2015-11-30,,False
134,1,1,A,,2013-07-23,2014-10-21,False
134,1,1,A,A,2014-10-22,2015-10-27,False
134,1,1,A,A,2015-10-28,,False
134,4,1,A,,2012-06-15,,False
135,1,1,B,,2014-01-30,2015-05-05,False
135,1,1,BB,B,2015-05-06,,False
135,3,1,BB,,2009-04-28,2016-09-14,False
135,3,1,BB,BB,2016-09-15,,False
135,4,1,B,,2012-06-15,2013-03-19,False
135,4,1,B,B,2013-03-20,2016-05-01,False
135,4,1,CCC,B,2016-05-02,,False
136,1,1,AA,,2014-01-14,2014-09-22,False
136,1,1,AA,AA,2014-09-23,2015-09-29,False
136,1,1,AA,AA,2015-09-30,,False
136,3,1,A,,2012-04-24,,False
137,1,1,AA,,2014-05-13,2014-07-17,False
137,1,1,AA,AA,2014-07-18,,False
137,4,1,A,,2012-06-15,2013-03-19,False
137,4,1,A,A,2013-03-20,2016-03-02,False
137,4,1,BBB,A,2016-03-03,,False
138,1,1,BBB,,2013-12-26,2015-04-13,False
138,1,1,A,BBB,2015-04-14,2015-11-05,False
138,1,1,A,A,2015-11-06,,False
138,2,1,BBB,,2012-06-15,,False
138,4,1,BBB,,2012-09-19,2016-10-05,False
138,4,1,BBB,BBB,2016-10-06,,False
139,1,1,BB,,2014-06-04,2014-12-07,False
139,1,1,BB,BB,2014-12-08,2015-08-09,False
139,1,1,B,BB,2015-08-10,,False
139,2,1,BB,,2012-09-24,,False
139,4,1,BB,,2012-06-15,2016-09-13,False
139,4,1,B,BB,2016-09-14,,False
140,3,1,BB,,2015-09-30,2016-09-29,False
140,3,1,BB,BB,2016-09-30,,False
141,1,1,A,,2013-08-23,2014-11-12,False
141,1,1,A,A,2014-11-13,,False
141,2,1,BBB,,2016-08-12,,False
141,4,1,BBB,,2012-06-15,2012-11-26,False
141,4,1,BBB,BBB,2012-11-27,2016-02-17,False
141,4,1,B,BBB,2016-02-18,,False
142,1,1,B,,2014-05-05,2015-03-23,False
142,1,1,B,B,2015-03-24,2015-07-30,False
142,1,1,B,B,2015-07-31,,False
142,2,1,BB,,2012-11-01,,False
143,4,1,BBB,,2012-06-15,2013-06-27,False
143,4,1,BBB,BBB,2013-06-28,2014-03-09,False
143,4,1,BBB,BBB,2014-03-10,2015-06-21,False
143,4,1,BBB,BBB,2015-06-22,2016-11-27,False
143,4,1,BBB,BBB,2016-11-28,,False
144,4,1,BBB,,2012-06-15,2012-08-19,False
144,4,1,BBB,BBB,2012-08-20,2013-10-28,False
144,4,1,BBB,BBB,2013-10-29,2015-01-20,False
144,4,1,BBB,BBB,2015-01-21,,False
145,1,1,B,,2013-06-11,2013-12-03,False
145,1,1,B,B,2013-12-04,2014-08-27,False
145,1,1,BB,B,2014-08-28,,False
145,3,1,BB,,2016-08-04,,False
145,4,1,BB,,2012-06-15,2016-04-25,False
145,4,1,B,BB,2016-04-26,,False
146,1,1,A,,2014-03-20,2015-05-25,False
146,1,1,BB,A,2015-05-26,,False
146,3,1,BBB,,2015-11-13,,False
146,4,1,BB,,2012-06-15,,False
147,1,1,BBB,,2014-11-04,2015-11-10,False
147,1,1,BBB,BBB,2015-11-11,,False
147,4,1,BBB,,2013-03-05,2014-03-04,False
147,4,1,BBB,BBB,2014-03-05,,False
148,2,1,B,,2016-03-09,,False
148,4,1,BBB,,2012-06-15,2015-01-19,False
148,4,1,BBB,BBB,2015-01-20,,False
149,1,1,A,,2014-06-11,2015-09-21,False
149,1,1,BB,A,2015-09-22,,False
149,2,1,A,,2012-06-15,,False
149,4,1,A,,2012-11-28,2015-04-09,False
149,4,1,BBB,A,2015-04-10,,False
150,4,1,BBB,,2012-06-15,2012-12-05,False
150,4,1,BBB,BBB,2012-12-06,2014-10-16,False
150,4,1,BB,BBB,2014-10-17,2016-02-02,False
150,4,1,C,BB,2016-02-03,2016-09-07,False
150,4,1,CCC,C,2016-09-08,,False
151,4,1,BBB,,2012-06-15,2012-11-14,False
151,4,1,BBB,BBB,2012-11-15,,False
152,3,1,BBB,,2014-09-11,2015-07-30,False
152,3,1,BBB,BBB,2015-07-31,2016-07-18,False
152,3,1,BBB,BBB,2016-07-19,,False
153,1,1,A,,2014-09-02,2015-08-26,False
153,1,1,A,A,2015-08-27,,False
153,4,1,BBB,,2012-06-15,2012-07-05,False
153,4,1,BBB,BBB,2012-07-06,2014-01-30,False
153,4,1,A,BBB,2014-01-31,,False
154,1,1,BB,,2015-05-05,,False
154,4,1,BB,,2013-09-09,2016-02-10,False
154,4,1,CCC,BB,2016-02-11,2016-07-27,False
154,4,1,CCC,CCC,2016-07-28,,False
155,4,1,B,,2015-03-05,2015-11-05,False
155,4,1,B,B,2015-11-06,,False
156,4,1,BBB,,2016-02-08,,False
157,4,1,A,,2012-06-15,2012-11-26,False
157,4,1,BBB,A,2012-11-27,2013-11-17,False
157,4,1,BBB,BBB,2013-11-18,,False
158,1,1,BBB,,2013-10-31,2014-11-13,False
158,1,1,BBB,BBB,2014-11-14,2015-11-09,False
158,1,1,BBB,BBB,2015-11-10,,False
158,4,1,BBB,,2012-06-15,2016-11-15,False
158,4,1,BBB,BBB,2016-11-16,,False
159,4,1,BB,,2015-09-14,,False
160,3,1,BB,,2016-11-14,,False
160,4,1,BB,,2016-03-14,,False
161,1,1,A,,2014-06-10,2014-11-11,False
161,1,1,BBB,A,2014-11-12,2015-12-01,False
161,1,1,BBB,BBB,2015-12-02,,False
161,4,1,BBB,,2012-06-15,,False
162,1,1,AA,,2013-09-17,2014-08-13,False
162,1,1,AA,AA,2014-08-14,,False
162,4,1,AA,,2012-11-26,2016-04-07,False
162,4,1,AA,AA,2016-04-08,,False
163,3,1,BB,,2016-01-27,2016-09-18,False
163,3,1,BB,BB,2016-09-19,,False
163,4,1,BB,,2012-06-15,,False
164,1,1,BB,,2013-06-21,2013-10-03,False
164,1,1,BB,BB,2013-10-04,2015-06-04,False
164,1,1,BB,BB,2015-06-05,2015-12-13,False
164,1,1,BB,BB,2015-12-14,,False
164,3,1,BB,,2016-12-14,,False
165,3,1,BB,,2012-05-21,2013-05-14,False
165,3,1,BB,BB,2013-05-15,2014-05-07,False
165,3,1,BB,BB,2014-05-08,2015-05-27,False
165,3,1,BB,BB,2015-05-28,2016-05-17,False
165,3,1,BB,BB,2016-05-18,2016-12-15,False
165,3,1,BB,BB,2016-12-16,,False
166,3,1,B,,2014-03-04,2015-04-21,False
166,3,1,BB,B,2015-04-22,2016-03-16,False
166,3,1,BBB,BB,2016-03-17,,False
167,3,1,BB,,2011-06-24,2012-02-15,False
167,3,1,BB,BB,2012-02-16,2015-06-21,False
167,3,1,BB,BB,2015-06-22,2015-12-29,False
167,3,1,BB,BB,2015-12-30,2016-06-30,False
167,3,1,BB,BB,2016-07-01,,False
168,3,1,B,,2016-12-07,,False
169,3,1,BB,,2011-10-26,2014-06-02,False
169,3,1,B,BB,2014-06-03,2015-06-02,False
169,3,1,B,B,2015-06-03,2016-06-16,False
169,3,1,B,B,2016-06-17,2016-11-22,False
169,3,1,B,B,2016-11-23,,False
170,1,1,BB,,2013-12-24,2015-01-07,False
170,1,1,BB,BB,2015-01-08,,False
170,4,1,BBB,,2015-07-15,,False
171,1,1,A,,2014-05-27,2014-12-02,False
171,1,1,A,A,2014-12-03,2015-09-20,False
171,1,1,A,A,2015-09-21,,False
171,4,1,A,,2012-06-15,2016-08-07,False
171,4,1,A,A,2016-08-08,,False
172,4,1,BBB,,2012-06-15,2016-10-31,False
172,4,1,BBB,BBB,2016-11-01,,False
173,1,1,BB,,2013-06-12,2014-03-18,False
173,1,1,BBB,BB,2014-03-19,2014-12-03,False
173,1,1,A,BBB,2014-12-04,2015-10-05,False
173,1,1,BBB,A,2015-10-06,,False
174,2,1,BBB,,2012-11-29,,False
174,4,1,BBB,,2012-06-15,2015-09-21,False
174,4,1,BBB,BBB,2015-09-22,,False
175,1,1,BB,,2013-08-16,2014-10-27,False
175,1,1,BB,BB,2014-10-28,2015-07-29,False
175,1,1,BB,BB,2015-07-30,,False
175,4,1,BBB,,2012-06-15,2016-12-06,False
175,4,1,BBB,BBB,2016-12-07,,False
176,1,1,CCC,,2013-09-20,,False
177,1,1,A,,2013-10-28,2015-05-04,False
177,1,1,AA,A,2015-05-05,2015-08-03,False
177,1,1,AA,AA,2015-08-04,,False
177,4,1,A,,2012-06-15,2012-10-31,False
177,4,1,A,A,2012-11-01,2016-08-08,False
177,4,1,A,A,2016-08-09,,False
178,3,1,B,,2016-04-15,2016-12-20,False
178,3,1,B,B,2016-12-21,,False
179,1,1,BBB,,2013-07-31,2015-02-03,False
179,1,1,BBB,BBB,2015-02-04,2015-10-28,False
179,1,1,A,BBB,2015-10-29,,False
179,3,1,BBB,,2016-12-14,,False
180,3,1,BBB,,2016-09-20,,False
181,1,1,A,,2013-10-09,2014-09-30,False
181,1,1,A,A,2014-10-01,2015-09-30,False
181,1,1,A,A,2015-10-01,,False
182,1,1,A,,2014-06-13,2014-12-17,False
182,1,1,A,A,2014-12-18,2015-11-29,False
182,1,1,A,A,2015-11-30,,False
183,1,1,A,,2014-05-12,2015-05-10,False
183,1,1,A,A,2015-05-11,2015-09-15,False
183,1,1,A,A,2015-09-16,,False
183,2,1,BBB,,2013-05-29,,False
183,4,1,BBB,,2016-11-28,,False
184,4,1,BBB,,2014-08-13,2015-08-30,False
184,4,1,BBB,BBB,2015-08-31,,False
185,1,1,BBB,,2013-10-29,2014-08-05,False
185,1,1,BBB,BBB,2014-08-06,,False
186,3,1,BBB,,2011-03-18,2012-08-15,False
186,3,1,BBB,BBB,2012-08-16,2015-06-29,False
186,3,1,BBB,BBB,2015-06-30,2016-01-28,False
186,3,1,BBB,BBB,2016-01-29,,False
186,4,1,BBB,,2012-06-15,2013-09-09,False
186,4,1,BBB,BBB,2013-09-10,,False
187,4,1,BBB,,2012-06-15,2013-02-12,False
187,4,1,A,BBB,2013-02-13,2014-02-20,False
187,4,1,A,A,2014-02-21,2014-08-04,False
187,4,1,A,A,2014-08-05,2016-02-16,False
187,4,1,A,A,2016-02-17,2016-07-11,False
187,4,1,A,A,2016-07-12,,False
188,1,1,BBB,,2014-01-15,2015-04-06,False
188,1,1,BBB,BBB,2015-04-07,,False
188,4,1,A,,2012-06-15,2012-11-27,False
188,4,1,BBB,A,2012-11-28,,False
189,1,1,A,,2014-02-14,2015-02-09,False
189,1,1,BBB,A,2015-02-10,,False
189,4,1,BBB,,2016-01-20,,False
190,1,1,BBB,,2013-11-08,2014-08-14,False
190,1,1,BB,BBB,2014-08-15,2015-11-26,False
190,1,1,BBB,BB,2015-11-27,,False
190,3,1,BB,,2011-04-27,2012-04-22,False
190,3,1,BB,BB,2012-04-23,2013-04-08,False
190,3,1,BB,BB,2013-04-09,2016-11-28,False
190,3,1,BB,BB,2016-11-29,,False
191,2,1,BBB,,2015-06-09,2015-09-21,False
191,2,1,BBB,BBB,2015-09-22,,False
191,4,1,BBB,,2016-11-01,,False
192,4,1,CCC,,2013-09-10,2014-12-02,False
192,4,1,CCC,CCC,2014-12-03,2016-01-26,False
192,4,1,CCC,CCC,2016-01-27,,False
193,3,1,BB,,2012-03-05,2013-01-16,False
193,3,1,BBB,BB,2013-01-17,2014-01-23,False
193,3,1,BBB,BBB,2014-01-24,2015-05-27,False
193,3,1,BBB,BBB,2015-05-28,2016-01-10,False
193,3,1,BBB,BBB,2016-01-11,,False
194,3,1,B,,2014-05-06,2015-04-16,False
194,3,1,B,B,2015-04-17,2016-03-29,False
194,3,1,B,B,2016-03-30,2016-12-15,False
194,3,1,CCC,B,2016-12-16,,False
195,3,1,BBB,,2016-08-08,,False
195,4,1,BBB,,2012-06-15,2012-07-09,False
195,4,1,BBB,BBB,2012-07-10,,False
196,1,1,BBB,,2013-09-13,2014-08-18,False
196,1,1,BBB,BBB,2014-08-19,2015-11-16,False
196,1,1,BBB,BBB,2015-11-17,,False
196,3,1,BBB,,2016-10-17,,False
196,4,1,BBB,,2012-06-15,2012-08-26,False
196,4,1,BBB,BBB,2012-08-27,,False
197,1,1,BBB,,2013-12-27,,False
197,3,1,BBB,,2013-04-29,2016-01-19,False
197,3,1,BBB,BBB,2016-01-20,,False
198,1,1,AA,,2013-11-05,2014-10-22,False
198,1,1,AA,AA,2014-10-23,,False
198,3,1,BBB,,2010-12-22,2013-04-16,False
198,3,1,A,BBB,2013-04-17,,False
198,4,1,BBB,,2012-06-15,2015-09-09,False
198,4,1,BBB,BBB,2015-09-10,,False
199,1,1,A,,2014-11-19,,False
199,3,1,A,,2016-12-14,,False
199,4,1,BBB,,2012-06-15,2013-04-28,False
199,4,1,BBB,BBB,2013-04-29,2013-11-24,False
199,4,1,BBB,BBB,2013-11-25,2015-09-14,False
199,4,1,A,BBB,2015-09-15,,False
200,4,1,BB,,2013-01-17,2014-07-23,False
200,4,1,BB,BB,2014-07-24,,False
201,3,1,B,,2011-06-01,2012-04-25,False
201,3,1,B,B,2012-04-26,2012-10-16,False
201,3,1,B,B,2012-10-17,2014-04-29,False
201,3,1,B,B,2014-04-30,2015-04-22,False
201,3,1,B,B,2015-04-23,2016-04-20,False
201,3,1,CC,B,2016-04-21,2016-09-12,False
201,3,1,B,CC,2016-09-13,,False
202,2,1,B,,2012-06-15,2012-11-29,False
202,2,1,B,B,2012-11-30,2014-07-31,False
202,2,1,B,B,2014-08-01,,False
202,3,1,B,,2016-06-28,,False
203,1,1,A,,2014-12-15,,False
203,4,1,BBB,,2012-06-15,2013-02-11,False
203,4,1,BBB,BBB,2013-02-12,2014-05-20,False
203,4,1,A,BBB,2014-05-21,2016-02-17,False
203,4,1,BBB,A,2016-02-18,,False
204,1,1,A,,2014-03-26,2015-06-02,False
204,1,1,A,A,2015-06-03,2015-12-06,False
204,1,1,A,A,2015-12-07,,False
204,4,1,A,,2012-06-15,,False
205,3,1,BB,,2014-06-12,2015-06-25,False
205,3,1,BB,BB,2015-06-26,2016-06-15,False
205,3,1,BB,BB,2016-06-16,2016-09-28,False
205,3,1,BB,BB,2016-09-29,,False
206,1,1,A,,2013-07-29,2014-07-06,False
206,1,1,A,A,2014-07-07,,False
206,2,1,BBB,,2016-10-27,,False
206,3,1,BBB,,2016-04-22,,False
206,4,1,BB,,2012-06-15,,False
207,4,1,A,,2012-06-15,2012-07-31,False
207,4,1,A,A,2012-08-01,2015-05-31,False
207,4,1,A,A,2015-06-01,2016-05-04,False
207,4,1,A,A,2016-05-05,,False
208,4,1,A,,2012-06-15,2012-11-07,False
208,4,1,A,A,2012-11-08,2013-10-30,False
208,4,1,A,A,2013-10-31,2014-08-27,False
208,4,1,A,A,2014-08-28,2015-09-14,False
208,4,1,A,A,2015-09-15,2016-07-27,False
208,4,1,A,A,2016-07-28,,False
209,3,1,BBB,,2012-07-30,2014-05-25,False
209,3,1,BBB,BBB,2014-05-26,2015-03-01,False
209,3,1,BBB,BBB,2015-03-02,,False
209,4,1,BBB,,2012-06-15,,False
210,2,1,BBB,,2014-06-25,,False
210,3,1,BB,,2016-08-31,,False
211,1,1,BBB,,2014-03-28,2015-04-29,False
211,1,1,BBB,BBB,2015-04-30,2015-10-26,False
211,1,1,BBB,BBB,2015-10-27,,False
211,3,1,BBB,,2012-04-17,2013-04-02,False
211,3,1,BBB,BBB,2013-04-03,,False
212,1,1,BBB,,2014-02-03,2014-07-28,False
212,1,1,BBB,BBB,2014-07-29,2015-10-26,False
212,1,1,BBB,BBB,2015-10-27,,False
212,4,1,A,,2012-06-15,2012-10-21,False
212,4,1,A,A,2012-10-22,,False
213,1,1,BBB,,2013-09-06,2015-03-09,False
213,1,1,BBB,BBB,2015-03-10,2015-10-28,False
213,1,1,BBB,BBB,2015-10-29,,False
214,1,1,A,,2015-08-11,,False
214,3,1,A,,2015-05-28,,False
214,4,1,A,,2012-06-15,2012-08-12,False
214,4,1,A,A,2012-08-13,,False
215,1,1,CC,,2013-08-26,2014-12-18,False
215,1,1,B,CC,2014-12-19,2015-12-01,False
215,1,1,B,B,2015-12-02,,False
216,4,1,A,,2016-05-18,,False
217,1,1,A,,2014-02-26,2014-08-26,False
217,1,1,A,A,2014-08-27,,False
217,3,1,BBB,,2011-05-16,2013-06-27,False
217,3,1,BBB,BBB,2013-06-28,2015-08-10,False
217,3,1,BBB,BBB,2015-08-11,,False
217,4,1,BBB,,2012-06-15,2016-11-14,False
217,4,1,BBB,BBB,2016-11-15,,False
218,3,1,BB,,2015-09-29,2016-10-23,False
218,3,1,BB,BB,2016-10-24,,False
218,4,1,BB,,2012-06-15,2012-09-17,False
218,4,1,BBB,BB,2012-09-18,2013-09-26,False
218,4,1,BB,BBB,2013-09-27,,False
219,3,1,BB,,2013-06-13,2014-05-08,False
219,3,1,BB,BB,2014-05-09,2014-09-02,False
219,3,1,BB,BB,2014-09-03,2016-04-24,False
219,3,1,BB,BB,2016-04-25,,False
219,4,1,BB,,2012-06-15,,False
220,3,1,A,,2010-12-23,2011-12-21,False
220,3,1,A,A,2011-12-22,2012-12-11,False
220,3,1,A,A,2012-12-12,2013-12-16,False
220,3,1,A,A,2013-12-17,2015-01-08,False
220,3,1,A,A,2015-01-09,2016-01-07,False
220,3,1,A,A,2016-01-08,2016-08-30,False
220,3,1,A,A,2016-08-31,,False
221,3,1,BBB,,2013-11-26,,False
222,3,1,BBB,,2015-07-01,,False
222,4,1,BB,,2012-08-06,2014-01-09,False
222,4,1,BB,BB,2014-01-10,,False
223,1,1,BBB,,2013-08-02,2015-02-10,False
223,1,1,BBB,BBB,2015-02-11,,False
223,3,1,BBB,,2012-09-17,2015-08-11,False
223,3,1,BBB,BBB,2015-08-12,2016-08-17,False
223,3,1,BBB,BBB,2016-08-18,,False
223,4,1,BB,,2012-06-15,,False
224,1,1,B,,2013-06-07,2013-12-12,False
224,1,1,B,B,2013-12-13,2015-05-28,False
224,1,1,B,B,2015-05-29,2015-11-29,False
224,1,1,BB,B,2015-11-30,,False
225,2,1,BBB,,2013-03-01,,False
225,4,1,BBB,,2012-06-15,2014-11-09,False
225,4,1,BBB,BBB,2014-11-10,2016-01-26,False
225,4,1,B,BBB,2016-01-27,,False
226,1,1,B,,2014-04-15,2015-04-06,False
226,1,1,B,B,2015-04-07,2015-12-06,False
226,1,1,B,B,2015-12-07,,False
226,4,1,B,,2012-06-15,,False
227,3,1,BB,,2011-06-28,2012-05-31,False
227,3,1,BB,BB,2012-06-01,2013-06-25,False
227,3,1,BB,BB,2013-06-26,2014-06-24,False
227,3,1,BB,BB,2014-06-25,2015-06-25,False
227,3,1,BB,BB,2015-06-26,2016-06-27,False
227,3,1,BB,BB,2016-06-28,,False
228,3,1,BB,,2013-12-20,2014-11-20,False
228,3,1,BB,BB,2014-11-21,2015-11-19,False
228,3,1,BB,BB,2015-11-20,2016-09-20,False
228,3,1,BBB,BB,2016-09-21,,False
229,1,1,A,,2013-07-22,2014-10-21,False
229,1,1,A,A,2014-10-22,,False
229,3,1,CCC,,2016-08-29,,False
229,4,1,A,,2012-06-15,2016-06-06,False
229,4,1,B,A,2016-06-07,,False
230,3,1,BB,,2012-11-09,2014-03-11,False
230,3,1,BB,BB,2014-03-12,2014-11-13,False
230,3,1,BB,BB,2014-11-14,2015-11-15,False
230,3,1,BB,BB,2015-11-16,2016-08-07,False
230,3,1,BB,BB,2016-08-08,,False
231,1,1,BB,,2014-02-18,2014-11-16,False
231,1,1,BB,BB,2014-11-17,2015-10-29,False
231,1,1,BB,BB,2015-10-30,,False
231,2,1,BB,,2012-06-15,2013-04-02,False
231,2,1,BB,BB,2013-04-03,,False
231,3,1,BB,,2016-12-08,,False
232,3,1,A,,2011-06-30,2012-05-29,False
232,3,1,AA,A,2012-05-30,2013-05-19,False
232,3,1,AA,AA,2013-05-20,2014-06-29,False
232,3,1,AA,AA,2014-06-30,2015-02-12,False
232,3,1,AA,AA,2015-02-13,2015-12-17,False
232,3,1,AA,AA,2015-12-18,,False
233,4,1,BB,,2012-11-06,2014-03-24,False
233,4,1,BB,BB,2014-03-25,,False
234,3,1,BBB,,2014-08-08,2015-12-03,False
234,3,1,BBB,BBB,2015-12-04,,False
235,3,1,AA,,2015-05-28,2016-05-19,False
235,3,1,AA,AA,2016-05-20,,False
236,1,1,BB,,2013-11-12,,False
236,4,1,B,,2015-06-30,,False
237,3,1,BB,,2012-05-07,2013-06-17,False
237,3,1,BB,BB,2013-06-18,2014-04-09,False
237,3,1,BB,BB,2014-04-10,2015-01-15,False
237,3,1,BB,BB,2015-01-16,2016-02-08,False
237,3,1,B,BB,2016-02-09,2016-08-08,False
237,3,1,B,B,2016-08-09,,False
238,1,1,BB,,2014-09-24,2015-08-10,False
238,1,1,BB,BB,2015-08-11,,False
238,3,1,BBB,,2016-08-19,,False
238,4,1,B,,2012-06-15,2012-08-13,False
238,4,1,B,B,2012-08-14,,False
239,1,1,BBB,,2014-02-12,2014-10-27,False
239,1,1,BBB,BBB,2014-10-28,,False
239,4,1,BBB,,2012-06-15,2016-05-22,False
239,4,1,BBB,BBB,2016-05-23,,False
240,1,1,B,,2014-06-18,2014-08-27,False
240,1,1,B,B,2014-08-28,2015-12-15,False
240,1,1,B,B,2015-12-16,,False
240,4,1,B,,2012-06-15,,False
241,1,1,BBB,,2014-05-28,2015-05-11,False
241,1,1,BBB,BBB,2015-05-12,2015-09-13,False
241,1,1,BBB,BBB,2015-09-14,,False
242,3,1,BB,,2013-03-28,2014-03-18,False
242,3,1,BB,BB,2014-03-19,2014-12-11,False
242,3,1,BB,BB,2014-12-12,2015-07-28,False
242,3,1,BB,BB,2015-07-29,2016-07-14,False
242,3,1,BB,BB,2016-07-15,,False
243,2,1,BBB,,2012-06-15,,False
243,4,1,BBB,,2012-09-12,,False
244,3,1,B,,2015-05-04,2016-03-13,False
244,3,1,B,B,2016-03-14,2016-12-15,False
244,3,1,BB,B,2016-12-16,,False
245,1,1,A,,2014-01-08,2015-03-18,False
245,1,1,A,A,2015-03-19,2015-09-01,False
245,1,1,A,A,2015-09-02,,False
245,4,1,BBB,,2012-06-15,2016-07-04,False
245,4,1,BBB,BBB,2016-07-05,,False
246,3,1,B,,2013-06-12,2014-05-14,False
246,3,1,BB,B,2014-05-15,2014-07-09,False
246,3,1,BB,BB,2014-07-10,2015-07-19,False
246,3,1,BB,BB,2015-07-20,2016-07-17,False
246,3,1,BB,BB,2016-07-18,,False
246,4,1,B,,2012-06-15,,False
247,3,1,A,,2011-03-30,2012-03-26,False
247,3,1,A,A,2012-03-27,2013-03-26,False
247,3,1,A,A,2013-03-27,2014-02-17,False
247,3,1,A,A,2014-02-18,2015-06-28,False
247,3,1,A,A,2015-06-29,2016-04-20,False
247,3,1,A,A,2016-04-21,,False
248,4,1,BB,,2012-06-27,2013-04-07,False
248,4,1,BBB,BB,2013-04-08,2016-05-31,False
248,4,1,BBB,BBB,2016-06-01,,False
249,1,1,A,,2013-09-09,2014-09-09,False
249,1,1,A,A,2014-09-10,2015-12-09,False
249,1,1,A,A,2015-12-10,,False
249,4,1,A,,2012-06-15,2012-07-29,False
249,4,1,A,A,2012-07-30,,False
250,3,1,B,,2016-08-03,,False
251,1,1,A,,2013-10-25,2014-10-26,False
251,1,1,A,A,2014-10-27,2015-08-04,False
251,1,1,A,A,2015-08-05,,False
252,3,1,B,,2012-08-21,2014-03-25,False
252,3,1,B,B,2014-03-26,2014-08-12,False
252,3,1,B,B,2014-08-13,2016-02-07,False
252,3,1,B,B,2016-02-08,2016-10-17,False
252,3,1,CCC,B,2016-10-18,,False
253,3,1,BB,,2012-03-05,2013-04-01,False
253,3,1,BB,BB,2013-04-02,2014-05-26,False
253,3,1,BBB,BB,2014-05-27,2015-04-29,False
253,3,1,BBB,BBB,2015-04-30,2016-04-13,False
253,3,1,BB,BBB,2016-04-14,,False
254,1,1,A,,2014-05-20,2015-11-16,False
254,1,1,A,A,2015-11-17,,False
254,2,1,BBB,,2015-05-21,2016-09-18,False
254,2,1,BBB,BBB,2016-09-19,,False
254,4,1,BBB,,2013-02-14,,False
255,3,1,BB,,2011-11-14,2013-02-20,False
255,3,1,BBB,BB,2013-02-21,2014-01-22,False
255,3,1,BBB,BBB,2014-01-23,2015-01-29,False
255,3,1,BBB,BBB,2015-01-30,2015-11-05,False
255,3,1,BBB,BBB,2015-11-06,2016-12-15,False
255,3,1,BBB,BBB,2016-12-16,,False
256,4,1,BBB,,2012-06-15,2013-07-08,False
256,4,1,BBB,BBB,2013-07-09,2014-11-04,False
256,4,1,BB,BBB,2014-11-05,2015-11-05,False
256,4,1,B,BB,2015-11-06,,False
257,1,1,BBB,,2013-12-26,2014-12-04,False
257,1,1,BBB,BBB,2014-12-05,2015-11-16,False
257,1,1,BB,BBB,2015-11-17,,False
257,4,1,BB,,2012-06-15,2012-08-08,False
257,4,1,BB,BB,2012-08-09,,False
258,1,1,BB,,2013-07-26,2015-05-28,False
258,1,1,BBB,BB,2015-05-29,,False
258,2,1,BBB,,2012-06-15,,False
258,3,1,BB,,2015-11-30,2016-07-04,False
258,3,1,BBB,BB,2016-07-05,,False
259,1,1,BBB,,2014-10-28,2015-10-29,False
259,1,1,BBB,BBB,2015-10-30,,False
259,3,1,BBB,,2012-10-26,2013-08-15,False
259,3,1,BBB,BBB,2013-08-16,2016-08-02,False
259,3,1,BBB,BBB,2016-08-03,,False
259,4,1,BB,,2012-06-15,,False
260,3,1,BB,,2013-03-22,2014-02-24,False
260,3,1,BB,BB,2014-02-25,2015-02-12,False
260,3,1,BB,BB,2015-02-13,2015-10-18,False
260,3,1,BB,BB,2015-10-19,,False
261,1,1,A,,2013-06-19,2013-12-05,False
261,1,1,A,A,2013-12-06,2014-08-25,False
261,1,1,A,A,2014-08-26,,False
261,3,1,BBB,,2011-03-29,2016-03-17,False
261,3,1,BBB,BBB,2016-03-18,,False
261,4,1,BBB,,2012-06-15,,False
262,1,1,B,,2013-09-05,2015-03-30,False
262,1,1,BB,B,2015-03-31,2015-12-03,False
262,1,1,B,BB,2015-12-04,,False
262,4,1,CCC,,2012-06-15,,False
263,1,1,BBB,,2014-02-11,2015-02-03,False
263,1,1,BBB,BBB,2015-02-04,2015-07-29,False
263,1,1,BBB,BBB,2015-07-30,,False
263,2,1,A,,2012-06-15,2012-07-15,False
263,2,1,BBB,A,2012-07-16,,False
263,4,1,BBB,,2016-08-04,,False
264,1,1,A,,2014-05-06,2015-10-28,False
264,1,1,A,A,2015-10-29,,False
264,4,1,BBB,,2012-06-15,,False
265,1,1,A,,2014-01-10,2014-08-07,False
265,1,1,A,A,2014-08-08,2015-11-05,False
265,1,1,A,A,2015-11-06,,False
265,4,1,BBB,,2012-06-15,,False
266,1,1,AA,,2013-08-05,2015-10-27,False
266,1,1,A,AA,2015-10-28,,False
266,2,1,A,,2015-05-26,,False
267,1,1,B,,2013-07-29,2014-07-22,False
267,1,1,BBB,B,2014-07-23,2015-07-21,False
267,1,1,BB,BBB,2015-07-22,,False
268,3,1,B,,2013-06-27,2014-08-25,False
268,3,1,B,B,2014-08-26,2016-05-10,False
268,3,1,B,B,2016-05-11,2016-08-11,False
268,3,1,B,B,2016-08-12,,False
269,3,1,BB,,2013-01-16,2014-01-23,False
269,3,1,BB,BB,2014-01-24,2015-01-27,False
269,3,1,BB,BB,2015-01-28,2016-01-25,False
269,3,1,BB,BB,2016-01-26,,False
270,2,1,BBB,,2013-03-28,,False
270,3,1,BB,,2011-03-15,2011-12-15,False
270,3,1,BB,BB,2011-12-16,2013-12-19,False
270,3,1,BBB,BB,2013-12-20,2014-09-08,False
270,3,1,BBB,BBB,2014-09-09,2016-05-31,False
270,3,1,BBB,BBB,2016-06-01,2016-12-18,False
270,3,1,BBB,BBB,2016-12-19,,False
271,3,1,BB,,2013-08-20,,False
271,4,1,B,,2012-06-15,2013-02-04,False
271,4,1,B,B,2013-02-05,2015-05-13,False
271,4,1,B,B,2015-05-14,2015-07-15,False
271,4,1,B,B,2015-07-16,,False
272,1,1,A,,2013-08-07,,False
272,3,1,A,,2011-05-31,2013-05-13,False
272,3,1,A,A,2013-05-14,2015-05-19,False
272,3,1,A,A,2015-05-20,2015-12-17,False
272,3,1,A,A,2015-12-18,,False
272,4,1,A,,2012-06-15,,False
273,3,1,BBB,,2012-05-31,2013-06-02,False
273,3,1,BBB,BBB,2013-06-03,2014-05-14,False
273,3,1,BBB,BBB,2014-05-15,2015-05-18,False
273,3,1,BBB,BBB,2015-05-19,,False
274,1,1,B,,2013-12-27,2014-12-03,False
274,1,1,BB,B,2014-12-04,2015-09-17,False
274,1,1,BBB,BB,2015-09-18,,False
274,4,1,BB,,2012-07-12,,False
275,1,1,A,,2014-05-01,2015-02-17,False
275,1,1,A,A,2015-02-18,2015-11-01,False
275,1,1,A,A,2015-11-02,,False
276,4,1,A,,2012-11-05,2013-07-29,False
276,4,1,A,A,2013-07-30,2015-06-21,False
276,4,1,A,A,2015-06-22,,False
277,3,1,BB,,2013-04-08,2014-04-15,False
277,3,1,BB,BB,2014-04-16,2015-03-22,False
277,3,1,BB,BB,2015-03-23,2016-04-13,False
277,3,1,BB,BB,2016-04-14,,False
278,3,1,CCC,,2011-05-24,2013-01-28,False
278,3,1,CCC,CCC,2013-01-29,2013-09-15,False
278,3,1,CCC,CCC,2013-09-16,2014-07-30,False
278,3,1,CCC,CCC,2014-07-31,2016-03-10,False
278,3,1,CCC,CCC,2016-03-11,2016-09-26,False
278,3,1,B,CCC,2016-09-27,,False
279,1,1,A,,2013-10-31,2014-08-03,False
279,1,1,A,A,2014-08-04,2015-11-10,False
279,1,1,A,A,2015-11-11,,False
279,2,1,A,,2012-07-03,,False
279,4,1,A,,2012-06-15,,False
280,3,1,B,,2015-07-10,2016-09-05,False
280,3,1,B,B,2016-09-06,,False
281,1,1,BBB,,2013-08-12,2014-08-25,False
281,1,1,BBB,BBB,2014-08-26,2015-09-23,False
281,1,1,A,BBB,2015-09-24,,False
281,4,1,BBB,,2012-06-15,2013-01-07,False
281,4,1,BBB,BBB,2013-01-08,,False
282,3,1,BBB,,2011-09-02,2012-09-24,False
282,3,1,BBB,BBB,2012-09-25,2013-08-20,False
282,3,1,BBB,BBB,2013-08-21,2014-09-10,False
282,3,1,BBB,BBB,2014-09-11,2015-09-21,False
282,3,1,BBB,BBB,2015-09-22,2016-09-18,False
282,3,1,BBB,BBB,2016-09-19,,False
283,1,1,B,,2013-03-12,2014-06-12,False
283,1,1,B,B,2014-06-13,2015-03-01,False
283,1,1,B,B,2015-03-02,2015-09-09,False
283,1,1,B,B,2015-09-10,,False
283,3,1,B,,2016-09-13,,False
283,4,1,BB,,2012-06-15,,False
284,1,1,BB,,2014-03-19,2014-12-17,False
284,1,1,BB,BB,2014-12-18,2015-11-22,False
284,1,1,BB,BB,2015-11-23,,False
284,4,1,BBB,,2012-06-15,2013-03-13,False
284,4,1,BB,BBB,2013-03-14,2016-10-17,False
284,4,1,BB,BB,2016-10-18,,False
285,1,1,BBB,,2013-04-29,2014-02-27,False
285,1,1,A,BBB,2014-02-28,2014-07-29,False
285,1,1,AA,A,2014-07-30,2015-08-23,False
285,1,1,AA,AA,2015-08-24,,False
285,4,1,BBB,,2016-11-28,,False
286,3,1,B,,2014-05-19,2015-03-26,False
286,3,1,B,B,2015-03-27,2016-04-06,False
286,3,1,B,B,2016-04-07,2016-10-25,False
286,3,1,B,B,2016-10-26,,False
287,2,1,BBB,,2013-09-25,2015-06-14,False
287,2,1,BB,BBB,2015-06-15,,False
287,4,1,BB,,2012-06-15,2016-03-07,False
287,4,1,B,BB,2016-03-08,,False
288,4,1,A,,2012-06-15,2012-10-25,False
288,4,1,A,A,2012-10-26,2013-11-12,False
288,4,1,A,A,2013-11-13,2015-05-04,False
288,4,1,A,A,2015-05-05,2015-10-27,False
288,4,1,BBB,A,2015-10-28,,False
289,4,1,BBB,,2012-06-15,2014-01-29,False
289,4,1,BBB,BBB,2014-01-30,2014-08-11,False
289,4,1,BBB,BBB,2014-08-12,2016-01-10,False
289,4,1,BBB,BBB,2016-01-11,2016-08-10,False
289,4,1,BBB,BBB,2016-08-11,,False
290,1,1,BB,,2014-04-01,2014-12-03,False
290,1,1,BB,BB,2014-12-04,2015-11-24,False
290,1,1,BBB,BB,2015-11-25,,False
290,4,1,BBB,,2012-06-15,,False
291,1,1,BBB,,2014-05-28,2015-05-26,False
291,1,1,BBB,BBB,2015-05-27,2015-10-28,False
291,1,1,BBB,BBB,2015-10-29,,False
292,1,1,BBB,,2013-07-17,2014-09-02,False
292,1,1,BB,BBB,2014-09-03,2015-11-03,False
292,1,1,BB,BB,2015-11-04,,False
292,4,1,BB,,2013-05-06,,False
293,1,1,BBB,,2013-07-23,2014-07-21,False
293,1,1,A,BBB,2014-07-22,2015-08-24,False
293,1,1,A,A,2015-08-25,,False
293,4,1,BBB,,2012-06-15,,False
294,4,1,BBB,,2013-08-23,2014-08-19,False
294,4,1,BBB,BBB,2014-08-20,2016-09-12,False
294,4,1,BBB,BBB,2016-09-13,,False
295,4,1,A,,2012-12-04,2015-07-27,False
295,4,1,A,A,2015-07-28,,False
296,3,1,B,,2011-01-13,2011-10-23,False
296,3,1,B,B,2011-10-24,2012-10-30,False
296,3,1,B,B,2012-10-31,2013-11-13,False
296,3,1,BB,B,2013-11-14,2015-05-14,False
296,3,1,B,BB,2015-05-15,2016-06-09,False
296,3,1,B,B,2016-06-10,,False
297,3,1,BB,,2016-01-15,2016-10-16,False
297,3,1,BB,BB,2016-10-17,,False
298,3,1,B,,2016-02-04,,False
299,3,1,B,,2015-03-19,2016-07-14,False
299,3,1,B,B,2016-07-15,,False
299,4,1,CCC,,2016-03-21,,False
300,3,1,BBB,,2015-12-15,2016-10-19,False
300,3,1,BBB,BBB,2016-10-20,,False
301,1,1,A,,2014-01-30,,False
301,3,1,A,,2013-03-20,2015-03-25,False
301,3,1,A,A,2015-03-26,2016-03-24,False
301,3,1,A,A,2016-03-25,,False
302,4,1,BBB,,2012-06-27,2013-03-04,False
302,4,1,BBB,BBB,2013-03-05,2016-03-28,False
302,4,1,BBB,BBB,2016-03-29,,False
303,4,1,BB,,2016-11-17,,False
304,3,1,B,,2016-03-01,,False
304,4,1,BB,,2012-06-15,2013-04-28,False
304,4,1,BB,BB,2013-04-29,2014-12-04,False
304,4,1,BB,BB,2014-12-05,,False
305,3,1,CCC,,2014-02-10,2014-07-09,False
305,3,1,BB,CCC,2014-07-10,,False
305,4,1,B,,2012-07-10,2016-02-02,False
305,4,1,CCC,B,2016-02-03,,False
306,1,1,A,,2014-11-03,2015-11-05,False
306,1,1,A,A,2015-11-06,,False
306,4,1,BBB,,2012-06-15,2013-12-09,False
306,4,1,BBB,BBB,2013-12-10,,False
307,3,1,BB,,2015-06-19,2016-01-10,False
307,3,1,BB,BB,2016-01-11,2016-12-13,False
307,3,1,BB,BB,2016-12-14,,False
308,1,1,BBB,,2013-08-21,2014-07-30,False
308,1,1,BBB,BBB,2014-07-31,2015-08-12,False
308,1,1,BBB,BBB,2015-08-13,,False
309,1,1,BBB,,2013-12-30,2015-03-22,False
309,1,1,A,BBB,2015-03-23,2015-11-10,False
309,1,1,A,A,2015-11-11,,False
309,3,1,BBB,,2010-08-31,2011-07-28,False
309,3,1,BBB,BBB,2011-07-29,2012-07-23,False
309,3,1,BBB,BBB,2012-07-24,2016-08-17,False
309,3,1,BBB,BBB,2016-08-18,,False
310,3,1,BBB,,2011-01-28,2012-06-06,False
310,3,1,BBB,BBB,2012-06-07,2013-03-26,False
310,3,1,BBB,BBB,2013-03-27,2015-04-20,False
310,3,1,BBB,BBB,2015-04-21,2016-09-20,False
310,3,1,BBB,BBB,2016-09-21,,False
310,4,1,BBB,,2013-08-12,2016-02-17,False
310,4,1,BB,BBB,2016-02-18,,False
311,3,1,BB,,2012-05-24,2014-08-10,False
311,3,1,BB,BB,2014-08-11,,False
312,3,1,BB,,2015-03-09,,False
313,3,1,BBB,,2015-08-31,2016-08-16,False
313,3,1,BB,BBB,2016-08-17,,False
313,4,1,B,,2012-09-24,,False
314,3,1,B,,2015-11-30,,False
315,1,1,BB,,2014-05-29,2014-11-16,False
315,1,1,BB,BB,2014-11-17,,False
315,3,1,BB,,2013-03-04,2016-05-04,False
315,3,1,BB,BB,2016-05-05,2016-09-21,False
315,3,1,BB,BB,2016-09-22,,False
316,4,1,BBB,,2012-06-15,2013-04-24,False
316,4,1,BBB,BBB,2013-04-25,2014-07-29,False
316,4,1,BBB,BBB,2014-07-30,2016-03-09,False
316,4,1,BBB,BBB,2016-03-10,,False
317,3,1,A,,2016-01-07,,False
318,1,1,BB,,2014-03-10,2014-11-03,False
318,1,1,BB,BB,2014-11-04,2015-09-10,False
318,1,1,BBB,BB,2015-09-11,,False
318,4,1,BBB,,2012-06-15,2013-06-16,False
318,4,1,B,BBB,2013-06-17,,False
319,3,1,B,,2016-02-09,,False
320,3,1,B,,2013-08-27,2014-07-28,False
320,3,1,B,B,2014-07-29,2015-11-05,False
320,3,1,B,B,2015-11-06,2016-07-04,False
320,3,1,B,B,2016-07-05,,False
321,1,1,A,,2015-09-03,,False
321,2,1,BB,,2012-06-15,2015-03-09,False
321,2,1,BBB,BB,2015-03-10,2016-10-03,False
321,2,1,BBB,BBB,2016-10-04,,False
321,4,1,BBB,,2012-09-06,2013-10-27,False
321,4,1,BBB,BBB,2013-10-28,,False
322,1,1,A,,2014-03-18,2014-11-23,False
322,1,1,A,A,2014-11-24,,False
322,2,1,A,,2012-06-15,,False
322,4,1,A,,2016-03-14,,False
323,1,1,BBB,,2014-07-30,,False
323,2,1,BBB,,2016-09-02,,False
323,4,1,BB,,2012-06-15,2014-06-22,False
323,4,1,BB,BB,2014-06-23,2016-06-21,False
323,4,1,BBB,BB,2016-06-22,,False
324,4,1,A,,2013-05-14,2013-08-01,False
324,4,1,A,A,2013-08-02,2015-08-17,False
324,4,1,A,A,2015-08-18,2016-08-01,False
324,4,1,A,A,2016-08-02,,False
325,3,1,B,,2014-03-27,2015-03-24,False
325,3,1,B,B,2015-03-25,2016-03-19,False
325,3,1,B,B,2016-03-20,2016-07-19,False
325,3,1,B,B,2016-07-20,,False
325,4,1,BB,,2013-03-11,,False
326,3,1,BB,,2013-07-12,2014-09-07,False
326,3,1,BB,BB,2014-09-08,2016-03-28,False
326,3,1,B,BB,2016-03-29,2016-09-22,False
326,3,1,B,B,2016-09-23,,False
327,3,1,B,,2013-09-24,2014-11-20,False
327,3,1,BB,B,2014-11-21,2016-05-10,False
327,3,1,B,BB,2016-05-11,2016-08-23,False
327,3,1,B,B,2016-08-24,,False
328,4,1,A,,2012-06-15,2015-09-20,False
328,4,1,A,A,2015-09-21,,False
329,1,1,B,,2013-09-05,2015-09-29,False
329,1,1,B,B,2015-09-30,,False
330,1,1,BBB,,2014-01-10,2014-11-03,False
330,1,1,BBB,BBB,2014-11-04,2015-08-09,False
330,1,1,BBB,BBB,2015-08-10,,False
330,4,1,BBB,,2016-12-01,,False
331,3,1,BBB,,2016-02-09,,False
331,4,1,BBB,,2016-11-16,,False
332,4,1,BBB,,2012-06-15,2015-11-29,False
332,4,1,BBB,BBB,2015-11-30,,False
333,1,1,BBB,,2015-05-13,2015-11-08,False
333,1,1,A,BBB,2015-11-09,,False
333,3,1,BB,,2013-01-14,,False
333,4,1,BB,,2012-06-15,2014-03-10,False
333,4,1,BB,BB,2014-03-11,2016-09-21,False
333,4,1,BBB,BB,2016-09-22,,False
334,2,1,A,,2013-01-23,,False
334,3,1,BBB,,2016-03-23,2016-07-12,False
334,3,1,BBB,BBB,2016-07-13,,False
335,3,1,B,,2013-05-01,2014-11-23,False
335,3,1,B,B,2014-11-24,2016-02-29,False
335,3,1,CC,B,2016-03-01,2016-10-13,False
335,3,1,CCC,CC,2016-10-14,,False
335,4,1,CCC,,2013-12-04,,False
336,3,1,B,,2014-02-11,2015-02-23,False
336,3,1,B,B,2015-02-24,2015-08-11,False
336,3,1,B,B,2015-08-12,,False
337,3,1,BBB,,2011-04-07,2011-12-21,False
337,3,1,BBB,BBB,2011-12-22,,False
338,4,1,CCC,,2014-05-05,,False
339,2,1,BB,,2016-02-17,,False
340,1,1,CCC,,2015-01-06,2015-09-09,False
340,1,1,CCC,CCC,2015-09-10,,False
341,1,1,A,,2013-07-24,2015-01-27,False
341,1,1,AA,A,2015-01-28,2015-10-27,False
341,1,1,AA,AA,2015-10-28,,False
342,1,1,BB,,2014-07-02,2015-09-27,False
342,1,1,BBB,BB,2015-09-28,,False
343,3,1,BB,,2015-11-16,,False
344,1,1,A,,2014-06-23,2015-05-27,False
344,1,1,A,A,2015-05-28,2015-12-17,False
344,1,1,A,A,2015-12-18,,False
345,1,1,BBB,,2013-08-14,2015-01-20,False
345,1,1,BBB,BBB,2015-01-21,,False
345,2,1,BB,,2012-06-15,2015-09-29,False
345,2,1,BBB,BB,2015-09-30,,False
346,1,1,A,,2013-11-12,,False
347,1,1,AA,,2015-06-03,2015-08-31,False
347,1,1,AA,AA,2015-09-01,,False
348,3,1,CCC,,2014-09-19,2015-09-29,False
348,3,1,B,CCC,2015-09-30,,False
349,1,1,CCC,,2014-04-01,2014-11-13,False
349,1,1,CC,CCC,2014-11-14,2015-09-10,False
349,1,1,C,CC,2015-09-11,,False
349,4,1,CCC,,2013-04-05,,False
350,3,1,BBB,,2015-10-20,,False
350,4,1,BBB,,2012-06-15,,False
351,1,1,AA,,2014-04-17,2015-04-15,False
351,1,1,AA,AA,2015-04-16,2015-10-15,False
351,1,1,AA,AA,2015-10-16,,False
352,3,1,BB,,2016-07-12,,False
353,1,1,BBB,,2015-04-30,,False
353,2,1,BB,,2012-10-03,2016-01-10,False
353,2,1,BBB,BB,2016-01-11,,False
353,3,1,B,,2013-08-28,,False
354,1,1,BB,,2015-01-29,2015-09-14,False
354,1,1,BB,BB,2015-09-15,,False
355,1,1,A,,2013-06-26,2013-08-14,False
355,1,1,AA,A,2013-08-15,2015-04-12,False
355,1,1,A,AA,2015-04-13,2015-10-26,False
355,1,1,BBB,A,2015-10-27,,False
356,3,1,BBB,,2012-05-30,2013-05-01,False
356,3,1,BBB,BBB,2013-05-02,2014-09-16,False
356,3,1,BBB,BBB,2014-09-17,2015-08-27,False
356,3,1,BBB,BBB,2015-08-28,2016-08-07,False
356,3,1,BBB,BBB,2016-08-08,,False
357,2,1,BB,,2015-04-10,,False
357,4,1,B,,2016-05-10,,False
358,4,1,CCC,,2016-12-12,,False
359,1,1,AA,,2013-08-16,2015-01-27,False
359,1,1,AA,AA,2015-01-28,2015-10-26,False
359,1,1,AA,AA,2015-10-27,,False
359,4,1,AA,,2012-06-15,,False
360,2,1,BBB,,2014-03-03,,False
360,3,1,BB,,2016-02-18,,False
360,4,1,BB,,2015-03-16,,False
361,3,1,BB,,2016-09-07,,False
361,4,1,B,,2012-06-15,,False
362,1,1,A,,2013-06-18,2014-03-20,False
362,1,1,AA,A,2014-03-21,2015-06-08,False
362,1,1,AA,AA,2015-06-09,2015-09-23,False
362,1,1,AA,AA,2015-09-24,,False
362,4,1,A,,2012-06-15,,False
363,1,1,BBB,,2013-06-13,2014-06-10,False
363,1,1,A,BBB,2014-06-11,2015-03-31,False
363,1,1,BBB,A,2015-04-01,2015-08-27,False
363,1,1,BBB,BBB,2015-08-28,,False
363,3,1,BBB,,2016-11-16,,False
363,4,1,BB,,2012-06-15,,False
364,3,1,BB,,2015-11-18,,False
365,1,1,A,,2013-10-17,2015-04-26,False
365,1,1,A,A,2015-04-27,2015-07-20,False
365,1,1,A,A,2015-07-21,,False
366,4,1,BB,,2012-06-15,2016-06-19,False
366,4,1,BB,BB,2016-06-20,,False
367,2,1,BBB,,2016-09-14,,False
367,3,1,BBB,,2015-12-28,,False
367,4,1,BBB,,2015-02-09,,False
368,3,1,BB,,2011-08-15,2013-06-03,False
368,3,1,BB,BB,2013-06-04,2013-10-06,False
368,3,1,BB,BB,2013-10-07,2014-07-07,False
368,3,1,BBB,BB,2014-07-08,2015-08-18,False
368,3,1,BBB,BBB,2015-08-19,2016-11-03,False
368,3,1,BBB,BBB,2016-11-04,,False
369,3,1,BBB,,2014-11-14,2015-10-07,False
369,3,1,BBB,BBB,2015-10-08,2016-10-13,False
369,3,1,BBB,BBB,2016-10-14,,False
370,3,1,BB,,2011-09-01,2012-07-29,False
370,3,1,BB,BB,2012-07-30,2013-12-08,False
370,3,1,BB,BB,2013-12-09,2014-10-19,False
370,3,1,BB,BB,2014-10-20,2016-02-08,False
370,3,1,BB,BB,2016-02-09,2016-07-14,False
370,3,1,BB,BB,2016-07-15,,False
371,3,1,BBB,,2015-02-04,2015-11-19,False
371,3,1,BBB,BBB,2015-11-20,2016-12-19,False
371,3,1,BBB,BBB,2016-12-20,,False
372,3,1,BB,,2011-10-11,2012-10-16,False
372,3,1,BB,BB,2012-10-17,2013-08-12,False
372,3,1,BB,BB,2013-08-13,2014-10-28,False
372,3,1,BB,BB,2014-10-29,2015-09-24,False
372,3,1,BB,BB,2015-09-25,2016-09-20,False
372,3,1,BB,BB,2016-09-21,,False
373,1,1,BB,,2014-09-24,,False
373,4,1,CCC,,2012-06-15,2014-02-26,False
373,4,1,B,CCC,2014-02-27,2016-03-10,False
373,4,1,CCC,B,2016-03-11,,False
374,3,1,BB,,2015-04-08,2016-04-21,False
374,3,1,BB,BB,2016-04-22,,False
374,4,1,BB,,2016-08-03,,False
375,1,1,BBB,,2015-06-02,2015-09-01,False
375,1,1,BBB,BBB,2015-09-02,,False
376,3,1,B,,2011-05-06,2011-08-30,False
376,3,1,B,B,2011-08-31,2013-05-20,False
376,3,1,B,B,2013-05-21,2013-06-30,False
376,3,1,B,B,2013-07-01,2015-03-15,False
376,3,1,B,B,2015-03-16,2016-03-24,False
376,3,1,B,B,2016-03-25,2016-07-19,False
376,3,1,B,B,2016-07-20,,False
377,3,1,BBB,,2015-06-02,2015-08-26,False
377,3,1,BBB,BBB,2015-08-27,2016-08-09,False
377,3,1,BBB,BBB,2016-08-10,,False
378,1,1,CCC,,2015-05-22,2015-09-09,False
378,1,1,CCC,CCC,2015-09-10,,False
379,3,1,B,,2015-09-03,2016-09-25,False
379,3,1,B,B,2016-09-26,,False
379,4,1,B,,2014-09-17,,False
380,3,1,BBB,,2014-03-12,,False
381,3,1,B,,2011-04-08,2013-01-30,False
381,3,1,B,B,2013-01-31,2013-12-11,False
381,3,1,B,B,2013-12-12,2015-02-25,False
381,3,1,B,B,2015-02-26,2016-02-11,False
381,3,1,B,B,2016-02-12,,False
382,3,1,BBB,,2014-06-20,2014-08-17,False
382,3,1,BBB,BBB,2014-08-18,,False
382,4,1,BBB,,2012-06-15,2016-02-22,False
382,4,1,BB,BBB,2016-02-23,,False
383,3,1,BBB,,2015-08-06,2016-11-07,False
383,3,1,BBB,BBB,2016-11-08,,False
384,2,1,BB,,2012-06-15,2015-09-13,False
384,2,1,BBB,BB,2015-09-14,,False
385,3,1,BB,,2012-11-08,2014-03-27,False
385,3,1,BB,BB,2014-03-28,2014-11-24,False
385,3,1,BB,BB,2014-11-25,2015-09-03,False
385,3,1,BB,BB,2015-09-04,2016-11-09,False
385,3,1,B,BB,2016-11-10,,False
385,4,1,B,,2012-06-15,,False
386,1,1,A,,2015-02-26,,False
386,3,1,BBB,,2016-02-03,,False
386,4,1,BBB,,2012-06-15,,False
387,2,1,BBB,,2013-11-25,,False
387,3,1,BB,,2013-05-29,2015-05-28,False
387,3,1,BB,BB,2015-05-29,2016-04-26,False
387,3,1,BBB,BB,2016-04-27,,False
388,3,1,BBB,,2014-09-22,2015-09-22,False
388,3,1,BBB,BBB,2015-09-23,2016-09-22,False
388,3,1,BBB,BBB,2016-09-23,,False
389,1,1,A,,2014-05-19,2015-05-19,False
389,1,1,A,A,2015-05-20,2015-10-27,False
389,1,1,A,A,2015-10-28,,False
390,3,1,BB,,2013-08-14,2015-04-02,False
390,3,1,BB,BB,2015-04-03,2016-12-13,False
390,3,1,BB,BB,2016-12-14,,False
390,4,1,BB,,2012-09-07,2015-11-11,False
390,4,1,B,BB,2015-11-12,,False
391,1,1,BBB,,2014-08-01,2015-11-24,False
391,1,1,BB,BBB,2015-11-25,,False
392,3,1,BB,,2013-02-19,2014-02-26,False
392,3,1,BB,BB,2014-02-27,2015-03-03,False
392,3,1,BB,BB,2015-03-04,2015-11-29,False
392,3,1,BB,BB,2015-11-30,2016-12-07,False
392,3,1,BB,BB,2016-12-08,,False
393,3,1,BB,,2012-09-11,,False
394,3,1,BB,,2014-05-16,2014-09-30,False
394,3,1,BB,BB,2014-10-01,2016-03-31,False
394,3,1,BB,BB,2016-04-01,2016-12-01,False
394,3,1,BB,BB,2016-12-02,,False
394,4,1,B,,2012-06-15,,False
395,2,1,BB,,2012-06-15,,False
396,1,1,BB,,2013-11-12,2015-05-07,False
396,1,1,BB,BB,2015-05-08,2015-10-22,False
396,1,1,BB,BB,2015-10-23,,False
396,4,1,CCC,,2012-06-15,2013-05-27,False
396,4,1,B,CCC,2013-05-28,,False
397,3,1,BB,,2013-11-15,,False
397,4,1,BB,,2012-06-15,2012-12-09,False
397,4,1,BB,BB,2012-12-10,,False
398,3,1,B,,2013-09-09,2014-10-07,False
398,3,1,B,B,2014-10-08,2016-05-31,False
398,3,1,CCC,B,2016-06-01,,False
399,4,1,A,,2012-06-15,,False
400,1,1,A,,2014-07-23,2015-10-25,False
400,1,1,A,A,2015-10-26,,False
400,3,1,BBB,,2013-04-16,2014-04-14,False
400,3,1,BBB,BBB,2014-04-15,2016-08-14,False
400,3,1,BBB,BBB,2016-08-15,,False
400,4,1,BBB,,2012-06-15,,False
401,3,1,B,,2011-08-11,2012-08-06,False
401,3,1,B,B,2012-08-07,2015-10-22,False
401,3,1,B,B,2015-10-23,,False
401,4,1,CCC,,2013-08-26,2014-11-18,False
401,4,1,CCC,CCC,2014-11-19,,False
402,3,1,BBB,,2014-09-12,2015-09-23,False
402,3,1,BBB,BBB,2015-09-24,2016-09-26,False
402,3,1,BBB,BBB,2016-09-27,,False
403,3,1,BB,,2013-01-29,2014-06-08,False
403,3,1,BB,BB,2014-06-09,2015-02-24,False
403,3,1,B,BB,2015-02-25,2016-02-24,False
403,3,1,B,B,2016-02-25,2016-10-23,False
403,3,1,B,B,2016-10-24,,False
404,3,1,BB,,2013-12-05,,False
405,3,1,BBB,,2012-06-26,2012-08-09,False
405,3,1,BBB,BBB,2012-08-10,,False
406,3,1,BB,,2015-03-05,2015-07-14,False
406,3,1,BB,BB,2015-07-15,,False
407,4,1,CCC,,2012-06-15,2012-12-06,False
407,4,1,CCC,CCC,2012-12-07,2014-04-03,False
407,4,1,B,CCC,2014-04-04,,False
408,4,1,B,,2012-06-15,2014-02-05,False
408,4,1,B,B,2014-02-06,,False
409,3,1,BBB,,2014-09-26,2016-09-06,False
409,3,1,BBB,BBB,2016-09-07,,False
409,4,1,BBB,,2016-02-29,,False
410,3,1,BBB,,2015-07-06,,False
411,4,1,CCC,,2016-05-11,,False
412,1,1,AA,,2013-07-26,2015-04-15,False
412,1,1,A,AA,2015-04-16,,False
412,2,1,A,,2015-11-23,,False
413,4,1,BBB,,2015-12-23,2016-10-12,False
413,4,1,BBB,BBB,2016-10-13,,False
414,3,1,B,,2012-06-25,2013-05-05,False
414,3,1,BB,B,2013-05-06,2015-06-29,False
414,3,1,BB,BB,2015-06-30,2016-06-23,False
414,3,1,BB,BB,2016-06-24,2016-09-22,False
414,3,1,B,BB,2016-09-23,,False
415,3,1,BB,,2016-05-19,2016-09-21,False
415,3,1,BB,BB,2016-09-22,,False
416,3,1,B,,2016-10-20,,False
417,3,1,BBB,,2014-01-31,2015-01-29,False
417,3,1,BBB,BBB,2015-01-30,2016-01-21,False
417,3,1,BBB,BBB,2016-01-22,2016-12-22,False
417,3,1,BBB,BBB,2016-12-23,,False
418,3,1,BBB,,2015-02-18,2015-10-18,False
418,3,1,BBB,BBB,2015-10-19,2016-10-10,False
418,3,1,BBB,BBB,2016-10-11,,False
419,3,1,BB,,2011-12-15,2016-10-26,False
419,3,1,BBB,BB,2016-10-27,,False
419,4,1,BBB,,2015-03-05,2016-05-22,False
419,4,1,BBB,BBB,2016-05-23,,False
420,2,1,BBB,,2012-06-15,2013-07-07,False
420,2,1,BBB,BBB,2013-07-08,,False
420,3,1,BBB,,2014-07-03,2016-12-01,False
420,3,1,BBB,BBB,2016-12-02,,False
420,4,1,BBB,,2013-03-15,2016-02-23,False
420,4,1,BB,BBB,2016-02-24,,False
421,4,1,B,,2012-06-15,,False
422,3,1,A,,2013-03-20,2015-06-15,False
422,3,1,A,A,2015-06-16,2015-09-02,False
422,3,1,A,A,2015-09-03,,False
423,3,1,BB,,2014-10-31,,False
424,4,1,A,,2012-06-15,2014-04-21,False
424,4,1,A,A,2014-04-22,2015-01-20,False
424,4,1,A,A,2015-01-21,2016-08-21,False
424,4,1,A,A,2016-08-22,,False
425,3,1,AA,,2012-02-17,2012-08-27,False
425,3,1,AA,AA,2012-08-28,,False
426,3,1,BBB,,2014-09-22,2016-03-01,False
426,3,1,BB,BBB,2016-03-02,,False
427,3,1,B,,2015-07-13,2016-07-21,False
427,3,1,B,B,2016-07-22,,False
428,1,1,BB,,2014-04-09,2014-11-02,False
428,1,1,BB,BB,2014-11-03,,False
428,4,1,BB,,2012-06-15,2016-03-13,False
428,4,1,CCC,BB,2016-03-14,,False
429,3,1,BB,,2014-10-20,2015-10-15,False
429,3,1,BB,BB,2015-10-16,2016-10-19,False
429,3,1,BB,BB,2016-10-20,,False
430,4,1,A,,2012-06-15,2012-08-09,False
430,4,1,BBB,A,2012-08-10,2014-06-25,False
430,4,1,BBB,BBB,2014-06-26,2015-06-23,False
430,4,1,BB,BBB,2015-06-24,,False
431,2,1,BBB,,2012-06-15,,False
431,3,1,BB,,2013-02-12,2013-09-26,False
431,3,1,BB,BB,2013-09-27,2016-11-30,False
431,3,1,BBB,BB,2016-12-01,,False
431,4,1,BB,,2015-06-03,2016-06-08,False
431,4,1,BBB,BB,2016-06-09,,False
432,1,1,BB,,2013-12-11,,False
432,3,1,BB,,2016-05-17,2016-08-30,False
432,3,1,BB,BB,2016-08-31,,False
433,1,1,BBB,,2013-07-15,2015-11-18,False
433,1,1,BB,BBB,2015-11-19,,False
433,2,1,BB,,2015-01-23,,False
433,3,1,BB,,2016-10-06,,False
433,4,1,BBB,,2012-06-15,,False
434,3,1,BB,,2013-11-26,,False
435,1,1,BBB,,2014-01-17,2015-04-15,False
435,1,1,BBB,BBB,2015-04-16,2015-08-19,False
435,1,1,BBB,BBB,2015-08-20,,False
435,2,1,BBB,,2012-06-15,2012-10-18,False
435,2,1,BBB,BBB,2012-10-19,,False
436,3,1,B,,2015-10-12,2016-10-09,False
436,3,1,BB,B,2016-10-10,,False
437,3,1,BB,,2010-11-19,2011-11-10,False
437,3,1,BB,BB,2011-11-11,2013-09-04,False
437,3,1,BB,BB,2013-09-05,2014-11-19,False
437,3,1,BB,BB,2014-11-20,2016-06-09,False
437,3,1,BB,BB,2016-06-10,2016-11-02,False
437,3,1,B,BB,2016-11-03,,False
437,4,1,B,,2012-09-14,,False
438,3,1,A,,2012-07-24,2013-08-01,False
438,3,1,A,A,2013-08-02,2014-09-29,False
438,3,1,A,A,2014-09-30,2015-09-10,False
438,3,1,A,A,2015-09-11,2016-09-21,False
438,3,1,A,A,2016-09-22,,False
438,4,1,A,,2012-06-15,,False
439,3,1,BBB,,2015-06-17,2015-07-20,False
439,3,1,BB,BBB,2015-07-21,2016-10-31,False
439,3,1,BB,BB,2016-11-01,,False
440,3,1,BBB,,2016-04-19,,False
440,4,1,BBB,,2012-06-15,,False
441,1,1,BBB,,2014-09-23,2015-11-12,False
441,1,1,BB,BBB,2015-11-13,,False
442,3,1,BB,,2016-02-26,2016-09-19,False
442,3,1,BB,BB,2016-09-20,,False
443,3,1,B,,2015-04-30,2016-05-19,False
443,3,1,B,B,2016-05-20,2016-09-19,False
443,3,1,CCC,B,2016-09-20,,False
444,3,1,B,,2014-05-20,2015-05-12,False
444,3,1,B,B,2015-05-13,2015-08-09,False
444,3,1,B,B,2015-08-10,2016-12-13,False
444,3,1,B,B,2016-12-14,,False
445,3,1,BB,,2015-06-26,2016-06-02,False
445,3,1,BB,BB,2016-06-03,,False
446,3,1,B,,2011-02-16,2012-02-28,False
446,3,1,B,B,2012-02-29,2013-02-19,False
446,3,1,B,B,2013-02-20,2014-03-31,False
446,3,1,B,B,2014-04-01,2015-02-19,False
446,3,1,B,B,2015-02-20,2016-01-27,False
446,3,1,B,B,2016-01-28,2016-11-27,False
446,3,1,B,B,2016-11-28,,False
447,4,1,BBB,,2012-06-15,2014-09-01,False
447,4,1,BBB,BBB,2014-09-02,2016-01-26,False
447,4,1,BBB,BBB,2016-01-27,,False
448,3,1,BBB,,2016-04-26,,False
449,3,1,BB,,2013-08-16,2014-09-08,False
449,3,1,BB,BB,2014-09-09,2016-09-20,False
449,3,1,BB,BB,2016-09-21,,False
449,4,1,B,,2016-03-31,,False
450,4,1,B,,2012-06-15,2014-12-17,False
450,4,1,B,B,2014-12-18,,False
451,1,1,BB,,2014-11-20,2015-11-10,False
451,1,1,BB,BB,2015-11-11,,False
452,4,1,B,,2015-04-09,,False
453,3,1,BBB,,2016-01-12,2016-07-24,False
453,3,1,BBB,BBB,2016-07-25,,False
453,4,1,BBB,,2014-07-14,,False
454,1,1,BB,,2014-02-14,2014-10-26,False
454,1,1,BB,BB,2014-10-27,2015-09-03,False
454,1,1,BB,BB,2015-09-04,,False
454,4,1,BB,,2012-06-15,2012-08-15,False
454,4,1,B,BB,2012-08-16,,False
455,1,1,B,,2013-09-25,,False
456,3,1,BB,,2014-06-10,2015-06-04,False
456,3,1,BB,BB,2015-06-05,,False
456,4,1,BB,,2015-07-21,,False
457,3,1,B,,2012-04-24,2013-01-27,False
457,3,1,B,B,2013-01-28,2014-01-29,False
457,3,1,B,B,2014-01-30,2015-01-26,False
457,3,1,B,B,2015-01-27,2016-01-21,False
457,3,1,B,B,2016-01-22,2016-11-06,False
457,3,1,B,B,2016-11-07,,False
458,3,1,BB,,2015-03-06,2016-03-09,False
458,3,1,BB,BB,2016-03-10,2016-09-26,False
458,3,1,BB,BB,2016-09-27,,False
459,3,1,BBB,,2011-07-01,,False
459,4,1,BBB,,2014-09-03,2015-12-06,False
459,4,1,BBB,BBB,2015-12-07,,False
460,3,1,BB,,2011-03-24,2012-02-28,False
460,3,1,BB,BB,2012-02-29,2013-02-26,False
460,3,1,BB,BB,2013-02-27,2014-03-06,False
460,3,1,BB,BB,2014-03-07,2015-04-09,False
460,3,1,BB,BB,2015-04-10,2016-02-23,False
460,3,1,BB,BB,2016-02-24,,False
461,4,1,BBB,,2012-06-15,2013-10-14,False
461,4,1,BBB,BBB,2013-10-15,2014-09-01,False
461,4,1,BBB,BBB,2014-09-02,,False
462,4,1,A,,2012-06-15,,False
463,1,1,BB,,2013-11-11,2014-07-23,False
463,1,1,BB,BB,2014-07-24,2015-10-22,False
463,1,1,BB,BB,2015-10-23,,False
463,4,1,BB,,2012-06-15,,False
464,4,1,BBB,,2012-06-15,2012-12-04,False
464,4,1,BBB,BBB,2012-12-05,2014-09-15,False
464,4,1,BBB,BBB,2014-09-16,,False
465,1,1,BBB,,2014-05-12,2015-04-27,False
465,1,1,BBB,BBB,2015-04-28,2015-10-14,False
465,1,1,BBB,BBB,2015-10-15,,False
465,4,1,BB,,2012-06-15,2012-11-08,False
465,4,1,BB,BB,2012-11-09,,False
466,1,1,A,,2015-04-22,2015-07-20,False
466,1,1,A,A,2015-07-21,,False
466,4,1,BBB,,2012-06-15,2016-10-24,False
466,4,1,BBB,BBB,2016-10-25,,False
467,2,1,BB,,2012-07-20,,False
467,3,1,BBB,,2011-06-09,2011-08-01,False
467,3,1,BBB,BBB,2011-08-02,2014-05-14,False
467,3,1,BB,BBB,2014-05-15,,False
468,2,1,BBB,,2016-05-16,,False
468,4,1,BBB,,2014-12-04,,False
469,3,1,B,,2015-11-26,2016-10-19,False
469,3,1,BB,B,2016-10-20,,False
469,4,1,B,,2014-11-12,,False
470,1,1,AA,,2014-04-14,2014-10-08,False
470,1,1,AA,AA,2014-10-09,2015-10-04,False
470,1,1,AA,AA,2015-10-05,,False
470,4,1,A,,2012-06-15,2012-11-27,False
470,4,1,A,A,2012-11-28,,False
471,3,1,BBB,,2013-11-26,,False
472,4,1,CCC,,2012-06-15,2013-02-26,False
472,4,1,CCC,CCC,2013-02-27,,False
473,3,1,BBB,,2015-07-01,,False
474,3,1,BB,,2016-03-25,2016-11-30,False
474,3,1,BB,BB,2016-12-01,,False
474,4,1,BB,,2013-02-27,2013-10-20,False
474,4,1,BB,BB,2013-10-21,2015-06-04,False
474,4,1,BB,BB,2015-06-05,,False
475,4,1,BBB,,2012-09-11,,False
476,3,1,BB,,2015-08-25,2016-07-13,False
476,3,1,BB,BB,2016-07-14,,False
476,4,1,B,,2012-06-15,2013-08-15,False
476,4,1,BB,B,2013-08-16,2015-04-05,False
476,4,1,BB,BB,2015-04-06,,False
477,4,1,B,,2015-07-01,2016-09-08,False
477,4,1,B,B,2016-09-09,,False
478,1,1,CCC,,2013-12-12,,False
478,2,1,CCC,,2012-06-15,,False
478,3,1,B,,2016-06-01,2016-08-04,False
478,3,1,B,B,2016-08-05,,False
479,3,1,BB,,2015-02-24,,False
480,4,1,B,,2012-06-15,2012-11-18,False
480,4,1,CCC,B,2012-11-19,2014-05-20,False
480,4,1,BB,CCC,2014-05-21,,False
481,2,1,A,,2012-06-15,,False
482,1,1,BB,,2013-06-07,2013-10-02,False
482,1,1,BB,BB,2013-10-03,,False
483,3,1,BB,,2016-01-12,,False
484,4,1,BB,,2012-06-15,,False
485,3,1,BB,,2016-07-26,,False
485,4,1,BB,,2016-06-28,,False
486,3,1,B,,2016-03-17,2016-11-22,False
486,3,1,B,B,2016-11-23,,False
487,3,1,BB,,2012-11-27,,False
488,1,1,B,,2013-09-04,2014-09-02,False
488,1,1,B,B,2014-09-03,2015-12-21,False
488,1,1,B,B,2015-12-22,,False
489,2,1,BBB,,2012-06-15,,False
489,4,1,BBB,,2016-11-02,,False
490,3,1,B,,2015-12-15,2016-10-23,False
490,3,1,B,B,2016-10-24,,False
490,4,1,CCC,,2014-11-06,,False
491,4,1,BB,,2012-06-15,,False
492,3,1,B,,2016-08-02,,False
493,4,1,BBB,,2012-06-15,2014-01-22,False
493,4,1,BBB,BBB,2014-01-23,2014-09-08,False
493,4,1,BBB,BBB,2014-09-09,,False
494,3,1,BB,,2016-09-13,,False
495,3,1,BBB,,2014-01-13,2015-01-07,False
495,3,1,BBB,BBB,2015-01-08,2016-01-14,False
495,3,1,BBB,BBB,2016-01-15,,False
495,4,1,BBB,,2012-12-13,,False
496,3,1,BB,,2014-05-12,2014-11-25,False
496,3,1,BB,BB,2014-11-26,2015-12-02,False
496,3,1,BB,BB,2015-12-03,2016-10-20,False
496,3,1,BB,BB,2016-10-21,,False
497,3,1,BB,,2013-01-31,2013-11-11,False
497,3,1,B,BB,2013-11-12,,False
497,4,1,B,,2012-06-15,2014-11-24,False
497,4,1,CCC,B,2014-11-25,,False
498,3,1,B,,2013-03-04,2013-08-20,False
498,3,1,B,B,2013-08-21,2014-08-04,False
498,3,1,B,B,2014-08-05,2016-02-07,False
498,3,1,B,B,2016-02-08,2016-08-14,False
498,3,1,B,B,2016-08-15,,False
499,3,1,B,,2013-04-17,2014-06-15,False
499,3,1,B,B,2014-06-16,2014-11-16,False
499,3,1,B,B,2014-11-17,2016-08-23,False
499,3,1,B,B,2016-08-24,,False
500,3,1,BB,,2012-10-12,,False
501,4,1,CCC,,2012-06-15,,False
502,3,1,BBB,,2015-04-24,2016-03-30,False
502,3,1,BBB,BBB,2016-03-31,,False
503,4,1,BB,,2015-12-22,,False
504,3,1,B,,2013-10-16,2014-11-18,False
504,3,1,B,B,2014-11-19,2015-11-15,False
504,3,1,B,B,2015-11-16,2016-11-16,False
504,3,1,B,B,2016-11-17,,False
504,4,1,B,,2013-02-12,,False
505,3,1,B,,2016-11-07,,False
505,4,1,B,,2015-09-29,,False
506,3,1,BBB,,2016-07-25,,False
507,4,1,BB,,2012-06-15,2012-11-01,False
507,4,1,BB,BB,2012-11-02,2014-04-23,False
507,4,1,BB,BB,2014-04-24,2016-01-25,False
507,4,1,BB,BB,2016-01-26,2016-10-25,False
507,4,1,BB,BB,2016-10-26,,False
508,3,1,BB,,2014-06-16,2015-06-24,False
508,3,1,BB,BB,2015-06-25,2016-06-23,False
508,3,1,BB,BB,2016-06-24,2016-09-13,False
508,3,1,BB,BB,2016-09-14,,False
509,4,1,BBB,,2012-06-15,,False
510,3,1,BBB,,2016-09-22,,False
510,4,1,BBB,,2012-09-14,,False
511,3,1,BB,,2014-09-04,,False
512,4,1,AA,,2016-02-12,2016-08-01,False
512,4,1,AA,AA,2016-08-02,,False
513,4,1,A,,2015-12-09,,False
514,4,1,BB,,2016-10-03,,False
515,3,1,B,,2016-10-06,,False
516,1,1,BBB,,2014-05-14,2015-04-28,False
516,1,1,BBB,BBB,2015-04-29,2015-11-17,False
516,1,1,BBB,BBB,2015-11-18,,False
517,3,1,BBB,,2016-09-06,,False
518,3,1,CCC,,2016-05-18,,False
519,3,1,BBB,,2016-10-31,,False
519,4,1,BB,,2012-06-15,2013-06-04,False
519,4,1,BBB,BB,2013-06-05,2013-08-04,False
519,4,1,BBB,BBB,2013-08-05,,False
520,4,1,BBB,,2016-03-11,2016-10-03,False
520,4,1,BBB,BBB,2016-10-04,,False
521,4,1,A,,2012-06-15,2015-03-09,False
521,4,1,BBB,A,2015-03-10,,False
522,3,1,BB,,2013-04-24,2013-09-03,False
522,3,1,BB,BB,2013-09-04,2015-05-28,False
522,3,1,BB,BB,2015-05-29,2016-05-25,False
522,3,1,BB,BB,2016-05-26,2016-09-07,False
522,3,1,B,BB,2016-09-08,,False
523,3,1,A,,2016-10-24,,False
524,3,1,BBB,,2014-07-14,2015-07-30,False
524,3,1,BBB,BBB,2015-07-31,2016-07-18,False
524,3,1,BBB,BBB,2016-07-19,,False
525,4,1,B,,2016-06-14,,False
526,4,1,B,,2014-08-11,,False
527,3,1,BB,,2014-11-17,2016-02-16,False
527,3,1,BBB,BB,2016-02-17,2016-12-15,False
527,3,1,BBB,BBB,2016-12-16,,False
528,4,1,B,,2012-06-15,,False
529,4,1,BBB,,2013-09-24,,False
530,1,1,BB,,2014-05-16,2015-01-22,False
530,1,1,BB,BB,2015-01-23,2015-08-24,False
530,1,1,BB,BB,2015-08-25,,False
531,4,1,BB,,2016-07-25,,False
532,4,1,BBB,,2012-06-15,,False
533,3,1,A,,2016-10-24,,False
534,3,1,BB,,2012-09-07,2014-08-26,False
534,3,1,BB,BB,2014-08-27,2016-03-08,False
534,3,1,BB,BB,2016-03-09,,False
535,4,1,B,,2012-06-15,2015-10-14,False
535,4,1,B,B,2015-10-15,2016-12-11,False
535,4,1,B,B,2016-12-12,,False
536,4,1,BBB,,2012-06-15,2013-05-23,False
536,4,1,BBB,BBB,2013-05-24,2016-02-24,False
536,4,1,BB,BBB,2016-02-25,,False
537,4,1,BBB,,2014-11-19,,False
538,4,1,B,,2012-06-15,2013-08-06,False
538,4,1,B,B,2013-08-07,,False
539,4,1,BBB,,2013-09-25,,False
540,1,1,BB,,2013-12-11,2014-09-10,False
540,1,1,BB,BB,2014-09-11,,False
541,3,1,B,,2014-12-18,,False
542,3,1,BBB,,2016-02-17,2016-08-17,False
542,3,1,BBB,BBB,2016-08-18,,False
543,4,1,BBB,,2015-11-17,,False
544,3,1,BB,,2016-02-03,,False
545,3,1,B,,2014-11-19,2016-06-06,False
545,3,1,BB,B,2016-06-07,,False
546,4,1,B,,2015-09-14,,False
547,2,1,BB,,2016-09-22,,False
547,4,1,BB,,2015-09-23,,False
548,4,1,BB,,2016-04-13,,False
549,4,1,A,,2015-11-23,,False
550,3,1,BBB,,2016-04-13,,False
550,4,1,B,,2012-06-15,,False
551,3,1,BB,,2016-05-26,2016-12-22,False
551,3,1,BB,BB,2016-12-23,,False
551,4,1,BB,,2012-06-15,,False
552,4,1,B,,2012-06-15,,False
553,4,1,BBB,,2015-09-30,,False
554,4,1,BBB,,2016-01-05,,False
555,3,1,BB,,2015-12-07,2016-10-27,False
555,3,1,BB,BB,2016-10-28,,False
555,4,1,B,,2014-11-24,,False
556,4,1,B,,2014-05-07,,False
557,3,1,B,,2015-02-17,,False
557,4,1,B,,2012-06-15,2013-06-23,False
557,4,1,B,B,2013-06-24,2014-06-26,False
557,4,1,B,B,2014-06-27,2016-08-09,False
557,4,1,CCC,B,2016-08-10,,False
558,4,1,B,,2013-04-02,,False
559,1,1,BBB,,2015-12-23,,False
560,2,1,BB,,2016-08-25,,False
561,3,1,BB,,2016-02-25,2016-08-24,False
561,3,1,BB,BB,2016-08-25,,False
562,4,1,B,,2015-12-01,,False
563,3,1,BB,,2014-06-11,,False
563,4,1,B,,2012-06-15,2013-02-14,False
563,4,1,B,B,2013-02-15,,False
564,3,1,B,,2016-06-07,2016-09-06,False
564,3,1,B,B,2016-09-07,,False
565,2,1,BBB,,2016-09-29,,False
566,2,1,BBB,,2012-06-15,,False
566,4,1,BBB,,2013-08-14,2016-06-20,False
566,4,1,BBB,BBB,2016-06-21,,False
567,4,1,CCC,,2012-06-15,,False
568,4,1,BBB,,2013-11-18,,False
569,4,1,B,,2016-11-09,,False
570,4,1,BB,,2012-06-15,2014-01-13,False
570,4,1,BBB,BB,2014-01-14,,False
571,4,1,B,,2016-03-03,,False
572,3,1,BBB,,2015-05-19,2016-03-17,False
572,3,1,BBB,BBB,2016-03-18,,False
573,3,1,BB,,2016-12-15,,False
574,2,1,BBB,,2016-03-24,,False
575,2,1,BBB,,2012-06-15,2014-11-09,False
575,2,1,BBB,BBB,2014-11-10,,False
576,4,1,BB,,2012-06-15,,False
577,2,1,BBB,,2016-02-04,,False
578,3,1,BB,,2016-05-02,,False
579,3,1,A,,2016-03-25,2016-10-24,False
579,3,1,A,A,2016-10-25,,False
580,3,1,BB,,2016-10-04,,False
581,2,1,B,,2015-04-14,,False
582,4,1,B,,2012-06-15,,False
583,2,1,BBB,,2012-06-15,,False
584,4,1,BB,,2012-06-15,,False
585,3,1,CCC,,2016-04-08,,False
586,3,1,B,,2010-12-17,,False
587,1,1,AA,,2016-02-18,,False
588,3,1,B,,2013-08-28,,False
589,3,1,BB,,2016-10-24,,False
590,5,1,AA,,2016-10-07,,False
591,4,1,BBB,,2012-09-05,,False
592,3,1,BB,,2016-04-28,,False
593,2,1,B,,2012-06-15,2012-11-29,False
593,2,1,B,B,2012-11-30,2014-07-31,False
593,2,1,CCC,B,2014-08-01,,False
